time/total_timesteps,time/time_elapsed,rollout/ep_len_mean,rollout/ep_rew_mean,time/fps,time/iterations,train/clip_range,train/policy_gradient_loss,train/explained_variance,train/learning_rate,train/approx_kl,train/n_updates,train/clip_fraction,train/value_loss,train/loss,train/entropy_loss
2048,0,31.84375,-1.3715625,2135,1,,,,,,,,,,
4096,2,35.01,-0.5361,1539,2,0.2,-0.004591974226059392,-0.01252448558807373,0.0003,0.00848281,10,0.016943359375,4.789576941728592,2.540590763092041,-1.383419120311737
6144,4,39.87,-0.6007000000000001,1422,3,0.2,-0.004107939539244399,0.05555659532546997,0.0003,0.0068174964,20,0.015771484375,10.742266631126403,4.988687515258789,-1.3691300213336945
8192,5,44.91,-1.1721,1383,4,0.2,-0.008484338363632559,0.05580645799636841,0.0003,0.011543861,30,0.080224609375,6.049573266506195,2.5470738410949707,-1.3343121021986009
10240,7,48.08,-0.8068000000000001,1366,5,0.2,-0.0026078938972204924,0.09130781888961792,0.0003,0.0020712907,40,0.001220703125,5.865005886554718,3.21612548828125,-1.3214684307575226
12288,9,51.23,-0.11629999999999985,1345,6,0.2,-0.006858752251719125,0.1797969937324524,0.0003,0.0051889126,50,0.029296875,6.080134451389313,3.2700953483581543,-1.3229302138090133
14336,10,55.18,-0.06580000000000005,1342,7,0.2,-0.004509231616975739,0.23167294263839722,0.0003,0.007584092,60,0.02421875,4.6549081921577455,2.185436487197876,-1.302001640200615
16384,12,59.2,0.902,1305,8,0.2,-0.004547457722947001,0.113078773021698,0.0003,0.006440834,70,0.013134765625,9.126248025894165,3.847689151763916,-1.287052619457245
18432,14,60.77,1.6413,1305,9,0.2,-0.004350781656103209,0.211994469165802,0.0003,0.0045987866,80,0.00224609375,7.937716948986053,3.5511701107025146,-1.2753498941659926
20480,15,62.43,0.9497,1302,10,0.2,-0.00270486562512815,0.05657678842544556,0.0003,0.0021613182,90,0.0,11.645223593711853,5.40084981918335,-1.268905484676361
22528,17,63.82,0.5858000000000001,1279,11,0.2,-0.004781432822346688,0.388674259185791,0.0003,0.01071625,100,0.032373046875,4.162916606664657,1.5670230388641357,-1.2615514308214189
24576,19,60.38,0.3712000000000002,1284,12,0.2,-0.00466703693382442,0.19212639331817627,0.0003,0.00599199,110,0.01025390625,6.373587417602539,3.100001811981201,-1.2585110187530517
26624,20,60.79,0.6391,1272,13,0.2,-0.006641491735354066,0.25262880325317383,0.0003,0.00556372,120,0.030126953125,7.3068931102752686,3.0992417335510254,-1.231504824757576
28672,22,61.27,1.5613,1281,14,0.2,-0.004832814849214629,0.2289753556251526,0.0003,0.004890904,130,0.0119140625,7.216152000427246,3.337158441543579,-1.2233269095420838
30720,23,64.6,1.7120000000000002,1289,15,0.2,-0.005526703264331445,0.19697874784469604,0.0003,0.008601904,140,0.047021484375,9.877108454704285,4.927156925201416,-1.2267600178718567
32768,25,64.86,2.0934,1294,16,0.2,-0.004492555756587535,0.25243955850601196,0.0003,0.0058130496,150,0.0080078125,6.323213601112366,3.342954158782959,-1.211760053038597
34816,26,64.77,2.5993,1296,17,0.2,-0.0055736802285537125,0.2549712657928467,0.0003,0.008672044,160,0.025830078125,7.602209973335266,3.3169186115264893,-1.2047395288944245
36864,28,68.22,2.3487999999999993,1295,18,0.2,-0.0038680186204146593,0.24190711975097656,0.0003,0.0055945218,170,0.00791015625,10.645857191085815,5.3463311195373535,-1.2001999109983443
38912,29,70.93,2.8667000000000002,1306,19,0.2,-0.006321777816629038,0.37238192558288574,0.0003,0.007927296,180,0.026708984375,7.934559071063996,2.985452890396118,-1.1891116827726365
40960,31,73.8,2.688,1304,20,0.2,-0.0069970486336387696,0.23744702339172363,0.0003,0.010236406,190,0.03173828125,9.99609944820404,5.362194538116455,-1.1786176592111588
43008,33,73.98,2.7541999999999995,1288,21,0.2,-0.003959402634063735,0.2768113613128662,0.0003,0.005056235,200,0.00615234375,13.619640660285949,7.578671932220459,-1.1797447860240937
45056,34,73.15,2.2955000000000005,1288,22,0.2,-0.006439120462164283,0.35226213932037354,0.0003,0.006206221,210,0.0275390625,9.260268449783325,4.358673572540283,-1.1623833805322648
47104,36,75.52,2.7328,1287,23,0.2,-0.00495407702983357,0.2259325385093689,0.0003,0.009271684,220,0.024755859375,7.611042785644531,3.5193023681640625,-1.1451005667448044
49152,37,77.83,3.319700000000001,1293,24,0.2,-0.00607099492335692,0.06207245588302612,0.0003,0.009883237,230,0.02685546875,13.58438320159912,5.603060722351074,-1.1318119436502456
51200,39,82.12,4.9078,1301,25,0.2,-0.004025286290561781,0.12938684225082397,0.0003,0.00695645,240,0.0134765625,13.479377913475037,7.143006801605225,-1.131201821565628
53248,40,85.48,4.916199999999999,1309,26,0.2,-0.003678165841847658,0.2596536874771118,0.0003,0.009752227,250,0.0119140625,15.22355649471283,8.236836433410645,-1.1095291286706925
55296,41,85.07,5.1652999999999984,1317,27,0.2,-0.002841761184390634,0.41691654920578003,0.0003,0.0021578965,260,0.001904296875,8.00116012096405,4.661251544952393,-1.11684690117836
57344,43,86.64,4.8386000000000005,1324,28,0.2,-0.003879932366544381,0.26542484760284424,0.0003,0.004933684,270,0.02041015625,10.761261677742004,4.657639026641846,-1.0927378475666045
59392,44,85.43,3.5587,1324,29,0.2,-0.0042343612702097745,0.27528876066207886,0.0003,0.007841535,280,0.017578125,14.000803375244141,6.723441123962402,-1.091126236319542
61440,46,85.5,3.576000000000001,1326,30,0.2,-0.004098155850078911,0.2855546474456787,0.0003,0.0030378366,290,0.006005859375,9.736247253417968,4.405947208404541,-1.0980360567569734
63488,48,90.0,4.474,1320,31,0.2,-0.004552644677460194,0.19276362657546997,0.0003,0.0071541443,300,0.02294921875,16.372030711174013,9.209634780883789,-1.0853790521621705
65536,49,93.15,4.5075,1310,32,0.2,-0.005214465752942488,0.2998694181442261,0.0003,0.005728404,310,0.028369140625,9.732575500011444,4.873988628387451,-1.0745239436626435
67584,51,96.62,4.094799999999998,1305,33,0.2,-0.0054690810851752755,0.2782193422317505,0.0003,0.0060575632,320,0.020703125,9.149008285999297,3.5365469455718994,-1.0711166590452195
69632,53,99.11,3.7749,1302,34,0.2,-0.008285141293890774,0.26818203926086426,0.0003,0.007504083,330,0.043994140625,10.131190466880799,5.740767478942871,-1.0540611624717713
71680,55,102.46,4.6293999999999995,1296,35,0.2,-0.005340969422832131,0.44339948892593384,0.0003,0.0072129793,340,0.02490234375,8.886775958538056,3.629730701446533,-1.0752706944942474
73728,57,101.65,3.7955000000000005,1292,36,0.2,-0.004386234527919442,0.03511291742324829,0.0003,0.004024343,350,0.015576171875,14.78036105632782,5.620034217834473,-1.0813072204589844
75776,58,101.7,4.220999999999999,1290,37,0.2,-0.005725147854536772,0.21433132886886597,0.0003,0.005079128,360,0.010791015625,7.5944239616394045,3.1831300258636475,-1.0711066514253615
77824,60,102.56,5.1414,1286,38,0.2,-0.004001999244792387,0.31265705823898315,0.0003,0.0023140789,370,0.00341796875,11.349730157852173,5.650713920593262,-1.069519606232643
79872,62,104.41,5.8138999999999985,1282,39,0.2,-0.0045557617791928354,0.1718464493751526,0.0003,0.0055510197,380,0.01611328125,13.245266580581665,5.813055992126465,-1.044758453965187
81920,64,106.09,6.902100000000002,1279,40,0.2,-0.0072763494099490345,0.20731449127197266,0.0003,0.0072488147,390,0.032666015625,11.760214853286744,5.709361553192139,-1.055016115307808
83968,65,109.38,8.6102,1275,41,0.2,-0.003325524175306782,0.25671571493148804,0.0003,0.0038031088,400,0.00693359375,13.222586154937744,6.867306709289551,-1.041343030333519
86016,67,108.6,9.611,1265,42,0.2,-0.0032790026045404373,0.3766040802001953,0.0003,0.0030560046,410,0.003125,16.335118675231932,7.536003112792969,-1.0563621461391448
88064,69,105.48,8.4472,1261,43,0.2,-0.005488087510457262,0.4018006920814514,0.0003,0.005105439,420,0.021435546875,14.977596759796143,7.91011905670166,-1.0614758640527726
90112,71,107.6,8.515,1257,44,0.2,-0.005577796138823032,0.5608571767807007,0.0003,0.006887717,430,0.03388671875,9.436097133159638,4.506897449493408,-1.0671448677778244
92160,73,104.51,7.748900000000003,1253,45,0.2,-0.005297926848288626,0.5340596437454224,0.0003,0.0026807452,440,0.006982421875,10.150944900512695,4.185035228729248,-1.046939304471016
94208,75,105.61,7.8409,1248,46,0.2,-0.008838323858799412,0.47200894355773926,0.0003,0.0067191124,450,0.05078125,12.634602522850036,6.287871837615967,-1.0548015505075454
96256,77,106.68,9.334200000000001,1242,47,0.2,-0.0034488805220462384,0.33638525009155273,0.0003,0.005993464,460,0.01689453125,14.990253067016601,6.875494956970215,-1.047103253006935
98304,79,107.3,9.007,1237,48,0.2,-0.0050676021433901045,0.16335546970367432,0.0003,0.005618832,470,0.014892578125,19.50649971961975,8.930212020874023,-1.0407703995704651
100352,81,111.49,10.871100000000002,1234,49,0.2,-0.005326802463969216,0.3876219391822815,0.0003,0.005052126,480,0.01357421875,13.04195442199707,6.1684417724609375,-1.0443337619304658
102400,83,112.69,10.7451,1231,50,0.2,-0.005713873781496659,0.27365678548812866,0.0003,0.0040528337,490,0.0212890625,17.888603115081786,8.144708633422852,-1.0376294434070588
104448,85,114.3,10.079,1228,51,0.2,-0.004960073076654225,0.3401576280593872,0.0003,0.004034461,500,0.027978515625,17.823807787895202,8.014134407043457,-1.030592030286789
106496,87,113.66,8.328399999999998,1223,52,0.2,-0.005817053554346785,0.4839348793029785,0.0003,0.0031748128,510,0.011669921875,9.247955644130707,4.732104301452637,-1.0266469687223434
108544,88,114.66,8.4884,1221,53,0.2,-0.007485235098283738,0.43654245138168335,0.0003,0.0063862787,520,0.035107421875,10.14436537027359,4.910497665405273,-1.023648554086685
110592,90,116.78,9.4062,1219,54,0.2,-0.007609373610466719,0.35381680727005005,0.0003,0.006524227,530,0.029150390625,13.811533951759339,6.2204484939575195,-1.0260144203901291
112640,92,111.58,8.3562,1218,55,0.2,-0.006882500182837248,0.35579657554626465,0.0003,0.0042035505,540,0.019189453125,14.665487098693848,6.741288661956787,-1.0086736649274826
114688,94,113.02,8.159799999999999,1218,56,0.2,-0.009153649635845796,0.44191861152648926,0.0003,0.0069538606,550,0.0609375,12.112102746963501,6.004348278045654,-1.0119524240493774
116736,96,114.03,8.7537,1210,57,0.2,-0.007458016625605524,0.36449354887008667,0.0003,0.005571427,560,0.036083984375,13.623585891723632,6.105189800262451,-1.0088541105389595
118784,98,113.21,8.2369,1205,58,0.2,-0.00665913358097896,0.32906538248062134,0.0003,0.002675058,570,0.021484375,11.308139848709107,4.770312786102295,-1.002304843068123
120832,100,112.63,8.0297,1204,59,0.2,-0.007580477686133236,0.4666387438774109,0.0003,0.0074338084,580,0.022412109375,8.779991722106933,3.709946393966675,-0.9865804225206375
122880,102,116.64,8.235600000000002,1202,60,0.2,-0.008161858544917777,0.2529824376106262,0.0003,0.0067518824,590,0.032470703125,14.404720520973205,6.212487697601318,-0.9640089407563209
124928,104,121.52,9.2138,1200,61,0.2,-0.007365200313506648,0.4375746250152588,0.0003,0.0062172106,600,0.0275390625,11.010978078842163,4.987464904785156,-0.9762719839811325
126976,105,123.3,9.572,1198,62,0.2,-0.006362297607120126,0.5124629139900208,0.0003,0.0037774777,610,0.03544921875,15.65178210735321,7.069472789764404,-0.9736694112420082
129024,108,120.16,9.045399999999999,1186,63,0.2,-0.00888170541729778,0.4261634945869446,0.0003,0.0066411113,620,0.065625,17.91537184715271,8.091938018798828,-0.9660139113664628
131072,110,125.86,10.2974,1184,64,0.2,-0.0056080059235682714,0.6070270538330078,0.0003,0.0057932627,630,0.029443359375,9.692448163032532,4.653825283050537,-0.953599038720131
133120,112,128.51,9.3229,1180,65,0.2,-0.006605982943437993,0.5530382394790649,0.0003,0.0056883614,640,0.0267578125,12.735984706878662,5.348473072052002,-0.9397273108363151
135168,114,127.71,9.3559,1179,66,0.2,-0.008172344078775495,0.6632988452911377,0.0003,0.0042575025,650,0.01748046875,9.725047266483307,4.284391403198242,-0.933876995742321
137216,116,126.01,9.0599,1178,67,0.2,-0.00592309829662554,0.6469212770462036,0.0003,0.0035210084,660,0.016796875,10.162630927562713,5.030868053436279,-0.9089848160743713
139264,118,125.82,8.7078,1175,68,0.2,-0.007485816947882995,0.4314793348312378,0.0003,0.008309057,670,0.04287109375,12.567945766448975,6.464895725250244,-0.9092895194888115
141312,120,128.61,8.698899999999998,1172,69,0.2,-0.007814153723302297,0.39079004526138306,0.0003,0.0064119548,680,0.03876953125,17.059068965911866,6.8038105964660645,-0.9221662938594818
143360,122,130.73,8.808700000000002,1170,70,0.2,-0.008373513875994831,0.5987284183502197,0.0003,0.0072708568,690,0.047509765625,12.114282369613647,5.216194152832031,-0.9198227062821388
145408,124,131.49,9.0451,1169,71,0.2,-0.007050595432519913,0.5032798647880554,0.0003,0.0047452156,700,0.029052734375,11.44927270412445,5.4564433097839355,-0.9138486325740814
147456,126,131.22,8.6778,1166,72,0.2,-0.008749934553634375,0.5755187273025513,0.0003,0.006116653,710,0.03916015625,10.590556478500366,5.13769006729126,-0.9083802238106727
149504,128,134.65,9.064499999999999,1164,73,0.2,-0.008227215363876893,0.5045938491821289,0.0003,0.0053790393,720,0.025537109375,12.044012856483459,5.743241786956787,-0.9061360970139504
151552,130,130.39,8.4071,1163,74,0.2,-0.0064910254091955725,0.5243415236473083,0.0003,0.003678352,730,0.012109375,10.282607007026673,6.000389099121094,-0.8835406571626663
153600,132,130.56,9.855399999999998,1161,75,0.2,-0.007556974550243467,0.4389469027519226,0.0003,0.004315341,740,0.0314453125,13.141923832893372,6.358983516693115,-0.8610683679580688
155648,134,130.55,11.038499999999999,1160,76,0.2,-0.006934383930638432,0.39109891653060913,0.0003,0.006471555,750,0.042724609375,19.182888531684874,9.61955451965332,-0.8558588311076164
157696,136,132.12,11.9498,1158,77,0.2,-0.008515315921977162,0.5697100758552551,0.0003,0.0052759238,760,0.047216796875,10.234575176239014,5.173591613769531,-0.8560595422983169
159744,138,131.36,12.693400000000002,1157,78,0.2,-0.007682864711387083,0.5274811387062073,0.0003,0.004443622,770,0.047802734375,16.26364016532898,8.054352760314941,-0.8734865799546242
161792,139,135.66,14.410400000000003,1157,79,0.2,-0.007514445850392804,0.518399715423584,0.0003,0.0037516684,780,0.01552734375,16.87146575450897,8.481494903564453,-0.8660582557320595
163840,141,132.19,14.451099999999999,1157,80,0.2,-0.005076678929617629,0.4482231140136719,0.0003,0.004986488,790,0.019970703125,19.897455310821535,8.767068862915039,-0.8675275668501854
165888,143,133.3,14.343000000000002,1157,81,0.2,-0.006341954384697601,0.57924485206604,0.0003,0.0055012056,800,0.014306640625,12.951333904266358,6.368605136871338,-0.8681145176291466
167936,145,132.58,15.0442,1157,82,0.2,-0.007513840775936842,0.32845234870910645,0.0003,0.007169937,810,0.0357421875,17.60653030872345,7.723773002624512,-0.8696855649352073
169984,146,129.8,14.667,1157,83,0.2,-0.008970864041475578,0.4239134192466736,0.0003,0.0051533766,820,0.040625,15.362881636619568,7.669647693634033,-0.8475649207830429
172032,149,131.32,14.8948,1153,84,0.2,-0.008114492925233207,0.4356042146682739,0.0003,0.004551014,830,0.0248046875,16.815105271339416,7.529678821563721,-0.8523482531309128
174080,150,127.92,14.5908,1153,85,0.2,-0.009725592203903944,0.6317178010940552,0.0003,0.005790241,840,0.05966796875,9.77548840045929,4.935783386230469,-0.8554014161229133
176128,152,127.66,14.318399999999999,1154,86,0.2,-0.007086281891679392,0.48254984617233276,0.0003,0.0040066633,850,0.02099609375,13.906853413581848,6.38803768157959,-0.845574551820755
178176,154,130.15,15.596499999999999,1153,87,0.2,-0.008838600054150447,0.6202800273895264,0.0003,0.005695671,860,0.04560546875,10.419668889045715,5.038548469543457,-0.8574193030595779
180224,156,132.78,15.8562,1153,88,0.2,-0.008440746352425777,0.44307833909988403,0.0003,0.0042172805,870,0.023095703125,17.298521423339842,7.68784761428833,-0.8395278677344322
182272,158,134.33,15.6007,1153,89,0.2,-0.00852143500233069,0.5375176668167114,0.0003,0.004845011,880,0.034619140625,13.791220021247863,7.286721229553223,-0.839381392300129
184320,159,135.52,15.946800000000001,1153,90,0.2,-0.007295194879407063,0.4095863103866577,0.0003,0.0056961495,890,0.0373046875,19.093183946609496,7.616445064544678,-0.8523776069283485
186368,161,136.65,17.426499999999997,1152,91,0.2,-0.009759604401187972,0.4672810435295105,0.0003,0.005094144,900,0.031005859375,15.745440888404847,7.76255464553833,-0.8251852720975876
188416,163,141.76,18.9634,1152,92,0.2,-0.007414307084400207,0.4533224105834961,0.0003,0.004562132,910,0.033203125,16.05479519367218,7.818210601806641,-0.8231891900300979
190464,165,144.29,20.311099999999996,1152,93,0.2,-0.007986613345565274,0.4423553943634033,0.0003,0.0051308186,920,0.04248046875,17.74847729206085,9.396985054016113,-0.8367211654782295
192512,166,148.75,21.534499999999994,1153,94,0.2,-0.007912657619453967,0.44573938846588135,0.0003,0.0040300842,930,0.032666015625,19.4856449842453,9.891956329345703,-0.8199206799268722
194560,168,148.69,20.7491,1153,95,0.2,-0.006504674380994402,0.44773155450820923,0.0003,0.0041647297,940,0.019775390625,18.24692838191986,7.771499156951904,-0.8144853577017784
196608,170,144.9,20.895,1153,96,0.2,-0.009304517414420843,0.5461511611938477,0.0003,0.006120007,950,0.04990234375,15.701059913635254,7.053135395050049,-0.8012414202094078
198656,172,148.25,21.251499999999997,1153,97,0.2,-0.0070435983943752944,0.41217559576034546,0.0003,0.0032844702,960,0.020947265625,20.60138554573059,10.257863998413086,-0.8047368213534355
200704,174,146.89,19.398100000000003,1153,98,0.2,-0.006680693587986753,0.4227409362792969,0.0003,0.0033449319,970,0.01689453125,17.30664472579956,8.108158111572266,-0.8085190072655678
202752,175,147.1,19.189999999999998,1153,99,0.2,-0.006659381301142275,0.6076855659484863,0.0003,0.0037654615,980,0.021142578125,17.33006672859192,8.834667205810547,-0.8121662631630897
204800,177,149.07,19.329300000000003,1152,100,0.2,-0.007683189981617033,0.5516278743743896,0.0003,0.004149708,990,0.033251953125,16.64647707939148,7.894444465637207,-0.7925942093133926
206848,179,144.99,17.0641,1152,101,0.2,-0.0078074595425277945,0.643290102481842,0.0003,0.0053411983,1000,0.027294921875,14.266512703895568,5.907516956329346,-0.800204248726368
208896,181,150.81,18.8069,1151,102,0.2,-0.007416531257331371,0.5234557390213013,0.0003,0.0055843173,1010,0.04052734375,16.200068306922912,7.863914489746094,-0.7761234298348427
210944,183,154.35,20.4885,1151,103,0.2,-0.006703088525682688,0.48401713371276855,0.0003,0.004409079,1020,0.0240234375,19.0593053817749,9.119197845458984,-0.7700104638934135
212992,185,153.71,20.569900000000004,1150,104,0.2,-0.0040737668692599985,0.3951249122619629,0.0003,0.002710349,1030,0.0130859375,28.86346435546875,11.91599178314209,-0.7594226896762848
215040,187,156.39,21.967100000000002,1148,105,0.2,-0.00626049506245181,0.621187686920166,0.0003,0.0041043675,1040,0.02109375,20.25059244632721,10.352676391601562,-0.752146652340889
217088,188,158.71,23.947899999999994,1148,106,0.2,-0.007668375631328672,0.5236232280731201,0.0003,0.0039029173,1050,0.021337890625,27.863579034805298,12.945015907287598,-0.757300853729248
219136,190,154.27,22.424300000000002,1148,107,0.2,-0.004881731315981597,0.47097742557525635,0.0003,0.002528797,1060,0.018212890625,25.57488884925842,12.589997291564941,-0.7519512474536896
221184,192,154.45,22.5135,1147,108,0.2,-0.007457851979415864,0.6714802980422974,0.0003,0.0042849886,1070,0.0240234375,14.791537213325501,7.212281703948975,-0.7672671616077423
223232,194,153.01,22.597899999999996,1148,109,0.2,-0.008239764394238592,0.544379472732544,0.0003,0.005269571,1080,0.050439453125,18.836270403862,10.016687393188477,-0.7534445017576218
225280,196,148.47,20.743299999999998,1147,110,0.2,-0.009620190731948242,0.5346974730491638,0.0003,0.0047824094,1090,0.040576171875,16.795998048782348,7.629942893981934,-0.7431723892688751
227328,198,145.85,19.390499999999996,1147,111,0.2,-0.010313960863277316,0.6076478362083435,0.0003,0.005108868,1100,0.0578125,13.872716093063355,6.881459712982178,-0.7361686870455741
229376,199,144.77,19.0033,1147,112,0.2,-0.007121187314623967,0.648063063621521,0.0003,0.004361737,1110,0.030859375,14.004038977622987,6.374271869659424,-0.7200412079691887
231424,201,141.03,18.0927,1147,113,0.2,-0.009168910939479247,0.6261926889419556,0.0003,0.005794852,1120,0.036181640625,13.941228437423707,7.010392665863037,-0.7119090810418129
233472,203,140.98,18.748199999999997,1148,114,0.2,-0.006904594539082609,0.5039129257202148,0.0003,0.003578552,1130,0.01689453125,19.705342102050782,9.505834579467773,-0.7082112818956375
235520,204,137.87,18.774299999999997,1148,115,0.2,-0.007920391764491797,0.5885210037231445,0.0003,0.005194629,1140,0.0517578125,17.724933743476868,6.839794635772705,-0.7336479753255845
237568,206,136.15,18.9755,1148,116,0.2,-0.009071558382129297,0.5975028276443481,0.0003,0.0051050205,1150,0.03681640625,18.959331583976745,8.88101863861084,-0.7056981176137924
239616,208,132.25,19.191500000000005,1149,117,0.2,-0.00869368762942031,0.7032099962234497,0.0003,0.0043733586,1160,0.031396484375,12.447327995300293,5.946371555328369,-0.7301145836710929
241664,210,131.03,19.0667,1149,118,0.2,-0.004587533685844391,0.6646140813827515,0.0003,0.0022649667,1170,0.010498046875,16.412424540519716,7.980897903442383,-0.7410170406103134
243712,211,130.38,18.8482,1149,119,0.2,-0.00903907346073538,0.7104990482330322,0.0003,0.007491814,1180,0.065966796875,10.453248596191406,4.475647449493408,-0.724902267754078
245760,213,132.71,19.1389,1150,120,0.2,-0.0059475241811014715,0.547984778881073,0.0003,0.0033353013,1190,0.0228515625,16.34676375389099,7.6255645751953125,-0.7335749804973603
247808,215,136.42,19.7078,1150,121,0.2,-0.006179871939821169,0.5010682344436646,0.0003,0.0040952303,1200,0.0203125,17.254564547538756,9.783973693847656,-0.7040197893977165
249856,217,133.26,18.894399999999997,1150,122,0.2,-0.006673355895327404,0.41945135593414307,0.0003,0.0038833984,1210,0.020703125,21.496165466308593,9.131388664245605,-0.7133341133594513
251904,218,136.84,19.0946,1150,123,0.2,-0.007052093121455982,0.49445676803588867,0.0003,0.0042076455,1220,0.022216796875,17.515346240997314,8.126399040222168,-0.7018803179264068
253952,220,139.71,20.1009,1150,124,0.2,-0.010579145536758006,0.526368260383606,0.0003,0.0063497596,1230,0.06142578125,18.31662998199463,9.006041526794434,-0.7231803327798844
256000,222,141.22,19.4128,1148,125,0.2,-0.0046833464002702385,0.6001801490783691,0.0003,0.002390434,1240,0.01025390625,23.083125734329222,11.693622589111328,-0.7014575451612473
258048,224,143.42,20.1078,1149,126,0.2,-0.006027881102636456,0.7582727074623108,0.0003,0.003659737,1250,0.017626953125,12.735702157020569,5.006475925445557,-0.7108946174383164
260096,226,143.72,19.976800000000004,1149,127,0.2,-0.007194187305867672,0.7477373480796814,0.0003,0.0038902822,1260,0.025390625,12.032016038894653,6.155442237854004,-0.6987437918782234
262144,227,144.16,20.434400000000004,1150,128,0.2,-0.009889518120326101,0.6601324677467346,0.0003,0.0054833805,1270,0.05400390625,13.2188951253891,6.560960292816162,-0.699646906554699
264192,229,145.15,19.812500000000004,1150,129,0.2,-0.006626789679285139,0.5984907150268555,0.0003,0.003408934,1280,0.0185546875,14.507939624786378,6.547426700592041,-0.7089001759886742
266240,231,145.4,21.123,1150,130,0.2,-0.006194536521797999,0.5856837630271912,0.0003,0.00405859,1290,0.02734375,16.875099635124208,7.20375919342041,-0.7062667414546013
268288,233,141.01,20.655899999999995,1149,131,0.2,-0.007147508661728352,0.3816465735435486,0.0003,0.0046749404,1300,0.02412109375,19.86599087715149,7.993286609649658,-0.6986543074250221
270336,235,134.45,20.051499999999997,1149,132,0.2,-0.0070469090947881344,0.544874370098114,0.0003,0.0036414703,1310,0.02939453125,14.052347946166993,7.3434953689575195,-0.6641413122415543
272384,236,130.55,19.881500000000003,1149,133,0.2,-0.007049688708502799,0.6956138610839844,0.0003,0.0038098218,1320,0.02412109375,11.27760820388794,5.138632297515869,-0.6806189075112343
274432,238,126.59,19.1871,1149,134,0.2,-0.008648177125724032,0.6577270030975342,0.0003,0.004242503,1330,0.041015625,14.624577689170838,5.915426731109619,-0.6848330736160279
276480,239,123.14,18.4926,1152,135,0.2,-0.00848754717153497,0.636288046836853,0.0003,0.0056150854,1340,0.035400390625,17.436796140670776,7.034765720367432,-0.6687858015298843
278528,241,130.13,19.787699999999997,1152,136,0.2,-0.009829587116837502,0.570881724357605,0.0003,0.0054830634,1350,0.062060546875,14.95077748298645,6.792553424835205,-0.6677729204297066
280576,243,132.2,19.095,1152,137,0.2,-0.005958147335331887,0.6910909414291382,0.0003,0.0047321846,1360,0.018798828125,14.408002877235413,6.382583141326904,-0.6762573271989822
282624,245,132.99,19.2031,1152,138,0.2,-0.00798882048111409,0.731352686882019,0.0003,0.0043481966,1370,0.040625,15.920199131965637,7.492289066314697,-0.6663625612854958
284672,247,137.27,20.7593,1150,139,0.2,-0.009544265462318435,0.5956902503967285,0.0003,0.004527172,1380,0.037841796875,18.451716351509095,9.065987586975098,-0.6566662102937698
286720,249,140.1,20.936000000000003,1150,140,0.2,-0.01036480611655861,0.715267539024353,0.0003,0.0058686323,1390,0.04267578125,14.72767596244812,6.601080894470215,-0.6443987935781479
288768,251,144.72,22.541800000000002,1149,141,0.2,-0.009885005420073867,0.7111961841583252,0.0003,0.005455854,1400,0.05771484375,15.435397362709045,7.4105024337768555,-0.6539265185594558
290816,252,150.13,24.005700000000004,1149,142,0.2,-0.008822211262304336,0.6437513828277588,0.0003,0.004410676,1410,0.036474609375,17.20693724155426,7.753955841064453,-0.6278409242630005
292864,254,149.26,24.333399999999997,1149,143,0.2,-0.008261596469674259,0.6731266379356384,0.0003,0.005170631,1420,0.026904296875,15.16538164615631,6.633981704711914,-0.6391047269105912
294912,256,148.26,24.382399999999997,1149,144,0.2,-0.006564714648993686,0.707274317741394,0.0003,0.0030020352,1430,0.023681640625,15.513457465171815,7.047638416290283,-0.6507226184010506
296960,258,152.15,26.9075,1149,145,0.2,-0.011176849191542715,0.7055500149726868,0.0003,0.008205718,1440,0.06923828125,19.224999165534975,9.027596473693848,-0.648927791416645
299008,260,157.83,29.3437,1146,146,0.2,-0.006789898144779727,0.5954231023788452,0.0003,0.0030566936,1450,0.0220703125,19.640803337097168,9.313949584960938,-0.6486865416169166
301056,262,157.89,30.4151,1146,147,0.2,-0.0062346829567104575,0.5846166610717773,0.0003,0.0026911488,1460,0.008251953125,21.047946166992187,9.2129487991333,-0.6556101977825165
303104,264,157.75,30.931500000000007,1146,148,0.2,-0.0075135974446311595,0.5014718770980835,0.0003,0.004229706,1470,0.0265625,23.55056562423706,12.03696060180664,-0.6546615928411483
305152,266,151.27,29.000300000000003,1146,149,0.2,-0.007812949491199105,0.6184716820716858,0.0003,0.0038277297,1480,0.018115234375,21.795234632492065,9.608601570129395,-0.6331852182745934
307200,268,147.9,29.166999999999998,1146,150,0.2,-0.0069625576841644944,0.6657304763793945,0.0003,0.0043893643,1490,0.030712890625,17.418670463562012,7.597499847412109,-0.6212915673851966
309248,269,151.08,31.042199999999998,1145,151,0.2,-0.008048882760340348,0.5872409343719482,0.0003,0.0039965627,1500,0.035986328125,18.15106592178345,9.175960540771484,-0.6187264889478683
311296,271,156.2,32.275,1145,152,0.2,-0.005976141488645226,0.6421219706535339,0.0003,0.0030783191,1510,0.02158203125,16.463647842407227,7.437638282775879,-0.6347698450088501
313344,273,155.47,31.9953,1145,153,0.2,-0.0068499968154355885,0.6065858602523804,0.0003,0.0034686285,1520,0.023046875,22.52759747505188,8.501701354980469,-0.6361191838979721
315392,275,158.25,32.92949999999999,1144,154,0.2,-0.008827715454390272,0.7516399621963501,0.0003,0.005597081,1530,0.051611328125,13.808260059356689,6.014641284942627,-0.6268407493829727
317440,277,157.7,32.428,1144,155,0.2,-0.007638019858859479,0.6877306699752808,0.0003,0.0038890848,1540,0.025390625,23.454778909683228,10.442030906677246,-0.6422530382871627
319488,278,161.11,33.6679,1145,156,0.2,-0.008250337175559253,0.7908139228820801,0.0003,0.004456055,1550,0.031591796875,16.30902557373047,7.673330783843994,-0.6154283627867698
321536,280,165.6,36.452,1144,157,0.2,-0.007061335362959653,0.6974994540214539,0.0003,0.0036444957,1560,0.020263671875,18.707774567604066,9.178630828857422,-0.6155650809407234
323584,282,170.72,37.217800000000004,1145,158,0.2,-0.008530677494127304,0.6991318464279175,0.0003,0.0051833196,1570,0.03857421875,18.561428904533386,8.33315658569336,-0.6203171402215958
325632,284,167.71,36.3549,1145,159,0.2,-0.01022381845396012,0.6890099048614502,0.0003,0.0052632215,1580,0.04931640625,22.90014319419861,10.510448455810547,-0.6075720980763435
327680,286,163.5,34.053000000000004,1144,160,0.2,-0.006880747654940933,0.6508074998855591,0.0003,0.004739708,1590,0.0232421875,18.923087120056152,8.16767692565918,-0.6086189523339272
329728,288,166.57,35.647299999999994,1144,161,0.2,-0.008311077428516,0.7433151006698608,0.0003,0.0030845988,1600,0.023876953125,14.296327137947083,6.224893093109131,-0.6076300039887428
331776,290,165.83,35.1047,1143,162,0.2,-0.006838970613898709,0.5194709300994873,0.0003,0.0025945008,1610,0.0189453125,26.9738347530365,11.707219123840332,-0.61613077968359
333824,291,166.71,34.0559,1143,163,0.2,-0.007795066124526784,0.8013113737106323,0.0003,0.004831198,1620,0.030419921875,12.256474876403809,5.835048198699951,-0.6235391736030579
335872,293,171.25,35.936499999999995,1142,164,0.2,-0.00749390012351796,0.7095088958740234,0.0003,0.0054907147,1630,0.03447265625,19.292180824279786,8.236544609069824,-0.6275890603661537
337920,295,168.29,34.9931,1141,165,0.2,-0.0065255663357675076,0.6452325582504272,0.0003,0.004869093,1640,0.0294921875,22.782300901412963,10.879015922546387,-0.6137545362114907
339968,297,169.41,36.5619,1140,166,0.2,-0.007230073644313962,0.6805803775787354,0.0003,0.0047800625,1650,0.037060546875,22.77696180343628,11.501258850097656,-0.6137457072734833
342016,300,168.37,35.6823,1138,167,0.2,-0.00904504771460779,0.6291365623474121,0.0003,0.0055014407,1660,0.035400390625,21.11843514442444,9.959210395812988,-0.6238487780094146
344064,302,170.73,37.594699999999996,1139,168,0.2,-0.0075654765823856,0.7889326810836792,0.0003,0.0036865543,1670,0.03896484375,14.266827178001403,6.7746500968933105,-0.604122819006443
346112,303,167.71,37.4629,1139,169,0.2,-0.008375729550607502,0.7126820087432861,0.0003,0.005026353,1680,0.042626953125,16.55541272163391,7.727527141571045,-0.601723650097847
348160,305,166.6,37.202,1139,170,0.2,-0.007759062031982467,0.6914905309677124,0.0003,0.004725798,1690,0.0365234375,20.286668968200683,8.761549949645996,-0.5963065430521965
350208,307,168.91,39.1529,1139,171,0.2,-0.008015827124472708,0.6946232318878174,0.0003,0.0041764933,1700,0.025341796875,20.506657481193542,9.489240646362305,-0.5982477724552154
352256,309,169.12,39.47280000000001,1138,172,0.2,-0.009439477312844247,0.7094138860702515,0.0003,0.005427691,1710,0.05595703125,20.56870617866516,9.252235412597656,-0.5657927572727204
354304,311,169.48,39.2922,1138,173,0.2,-0.006635130406357348,0.6809930205345154,0.0003,0.0052297814,1720,0.044921875,25.039026927947997,12.353331565856934,-0.58677529245615
356352,313,177.1,40.806,1137,174,0.2,-0.007441344339167699,0.5875881314277649,0.0003,0.005106498,1730,0.04658203125,31.09387755393982,13.175284385681152,-0.5650491535663604
358400,315,174.58,40.2862,1137,175,0.2,-0.007240695794462226,0.7146763801574707,0.0003,0.004200657,1740,0.030859375,18.017625999450683,8.426719665527344,-0.5818957462906837
360448,317,175.18,40.8992,1136,176,0.2,-0.007899314921814948,0.776782214641571,0.0003,0.00456174,1750,0.0412109375,14.40398006439209,6.8194427490234375,-0.5716805651783943
362496,319,175.92,39.5838,1136,177,0.2,-0.009108773618936538,0.8493748903274536,0.0003,0.0043888777,1760,0.03583984375,9.969959723949433,4.2242584228515625,-0.5789588436484336
364544,321,176.54,39.2416,1135,178,0.2,-0.008765141252661124,0.7586142420768738,0.0003,0.0054266495,1770,0.034326171875,13.724232912063599,6.834539890289307,-0.5712788611650467
366592,323,175.75,38.4025,1134,179,0.2,-0.00853180336416699,0.7950426340103149,0.0003,0.0051547373,1780,0.035107421875,13.717022061347961,6.2146196365356445,-0.54950632750988
368640,324,172.64,36.6146,1135,180,0.2,-0.008064021717291325,0.7212941646575928,0.0003,0.0040832115,1790,0.0349609375,18.41536228656769,7.3023481369018555,-0.5656189873814583
370688,326,175.61,36.410900000000005,1135,181,0.2,-0.007791856408584863,0.7548143863677979,0.0003,0.0048106583,1800,0.039697265625,16.27102816104889,7.656246185302734,-0.558551037311554
372736,328,169.79,37.1051,1135,182,0.2,-0.005690591724123806,0.6216012239456177,0.0003,0.0038727773,1810,0.020703125,21.68525376319885,9.06737232208252,-0.5622763782739639
374784,330,173.72,38.134800000000006,1135,183,0.2,-0.009640567598398774,0.5867483615875244,0.0003,0.004419958,1820,0.050244140625,24.642238903045655,12.298163414001465,-0.5681453838944435
376832,332,172.78,38.1242,1134,184,0.2,-0.00775996120646596,0.6620772480964661,0.0003,0.0053329426,1830,0.034130859375,17.548875427246095,7.167045593261719,-0.5643054485321045
378880,334,172.18,38.00220000000001,1133,185,0.2,-0.006990189326461405,0.7637525796890259,0.0003,0.0037623527,1840,0.02880859375,14.628510928153991,6.554200172424316,-0.5492774471640587
380928,336,171.37,38.3853,1132,186,0.2,-0.006943764997413382,0.8019574284553528,0.0003,0.0048319004,1850,0.033984375,14.742771649360657,6.16628885269165,-0.5436997532844543
382976,338,171.06,38.89840000000001,1132,187,0.2,-0.007724156603217125,0.7386148571968079,0.0003,0.005263515,1860,0.0412109375,18.244829082489012,6.943154335021973,-0.5258415028452873
385024,340,172.09,40.96110000000001,1129,188,0.2,-0.010046890913508832,0.800963282585144,0.0003,0.0058016926,1870,0.05478515625,15.274337673187256,6.4107465744018555,-0.5215935125946999
387072,342,171.02,39.5568,1129,189,0.2,-0.008697007782757282,0.8201980590820312,0.0003,0.005080448,1880,0.049951171875,13.59734570980072,7.236073970794678,-0.5311301574110985
389120,344,173.31,39.0719,1129,190,0.2,-0.007303369685541838,0.7657098770141602,0.0003,0.004710029,1890,0.041015625,18.063334894180297,8.885770797729492,-0.5465673729777336
391168,346,173.77,37.8933,1130,191,0.2,-0.008537706267088652,0.7646902203559875,0.0003,0.004828794,1900,0.040380859375,16.487309741973878,7.944058418273926,-0.5456010326743126
393216,347,173.5,37.373999999999995,1130,192,0.2,-0.00998142488533631,0.7861197590827942,0.0003,0.004863359,1910,0.0392578125,16.161028575897216,6.284104824066162,-0.5395752236247062
395264,349,176.39,37.1501,1129,193,0.2,-0.010097408178262412,0.8068652153015137,0.0003,0.0045523364,1920,0.0376953125,12.319694590568542,5.027369499206543,-0.5436805620789528
397312,351,178.71,37.8159,1129,194,0.2,-0.00749756331788376,0.6968873143196106,0.0003,0.0038760048,1930,0.028759765625,20.220449113845824,10.473633766174316,-0.5296954840421677
399360,353,179.53,38.64769999999999,1128,195,0.2,-0.008744452497921884,0.8139193058013916,0.0003,0.004135101,1940,0.044775390625,13.795001339912414,6.068903923034668,-0.5298703983426094
401408,355,180.58,38.3812,1127,196,0.2,-0.009090022009331733,0.7642240524291992,0.0003,0.004237359,1950,0.0416015625,16.143112325668334,7.691719055175781,-0.5070627368986607
403456,357,180.61,37.7069,1127,197,0.2,-0.00922570504480973,0.7594196796417236,0.0003,0.004449879,1960,0.042578125,19.920743036270142,6.858453750610352,-0.5127191744744778
405504,359,177.3,37.834,1127,198,0.2,-0.010513737762812525,0.7789420485496521,0.0003,0.006709859,1970,0.0482421875,15.357119584083557,7.13805627822876,-0.524070605635643
407552,361,179.8,39.327,1127,199,0.2,-0.007957794913090765,0.6611090898513794,0.0003,0.0041622077,1980,0.037841796875,25.756119966506958,10.018976211547852,-0.5065601788461208
409600,363,178.13,39.8247,1127,200,0.2,-0.00694810222776141,0.6680958271026611,0.0003,0.004079259,1990,0.03544921875,22.558159351348877,11.181082725524902,-0.5169793605804444
411648,365,179.42,41.1388,1126,201,0.2,-0.008071402856148779,0.7653921246528625,0.0003,0.0035568092,2000,0.027783203125,16.809752655029296,8.172799110412598,-0.5212714821100235
413696,367,178.4,42.83100000000001,1126,202,0.2,-0.007763115281704813,0.7495217323303223,0.0003,0.0037704743,2010,0.021240234375,19.76552321910858,9.720398902893066,-0.5302367225289345
415744,369,180.69,42.4221,1125,203,0.2,-0.008212548785377295,0.7667149305343628,0.0003,0.0042654146,2020,0.044140625,20.00572552680969,9.949050903320312,-0.5384533107280731
417792,371,181.84,42.505600000000015,1124,204,0.2,-0.0071718268096446994,0.7734593152999878,0.0003,0.0034653246,2030,0.032861328125,15.027829003334045,6.807504653930664,-0.5395042672753334
419840,373,185.37,44.3803,1124,205,0.2,-0.008951766422251239,0.8276439905166626,0.0003,0.005276863,2040,0.031689453125,14.24895420074463,5.8042826652526855,-0.531948359310627
421888,375,185.73,45.14970000000001,1123,206,0.2,-0.006914819893427193,0.7125636339187622,0.0003,0.0027599586,2050,0.0228515625,26.585263156890868,11.029738426208496,-0.5323237411677837
423936,377,189.94,47.647600000000004,1123,207,0.2,-0.009799227211624384,0.7864180207252502,0.0003,0.004791941,2060,0.04091796875,18.38554127216339,9.46365737915039,-0.5397680029273033
425984,379,187.74,47.711600000000004,1123,208,0.2,-0.0050582306110300125,0.6379387974739075,0.0003,0.0029262002,2070,0.021044921875,35.330659532546996,16.66548728942871,-0.519549711048603
428032,381,186.03,47.5417,1122,209,0.2,-0.006593447318300605,0.7263675928115845,0.0003,0.003679687,2080,0.02216796875,23.476880836486817,10.537140846252441,-0.5286371245980263
430080,383,183.49,47.649100000000004,1122,210,0.2,-0.007068295124918222,0.8328336477279663,0.0003,0.003895952,2090,0.033642578125,16.139728140830993,7.847900867462158,-0.5040734849870205
432128,385,183.24,45.7836,1122,211,0.2,-0.010699513589497656,0.8033360838890076,0.0003,0.008049529,2100,0.05869140625,17.22191243171692,7.290183067321777,-0.5116144932806492
434176,386,178.67,46.1013,1122,212,0.2,-0.006341976288240403,0.8666774034500122,0.0003,0.0042581996,2110,0.03154296875,14.04678008556366,5.965173721313477,-0.522716511785984
436224,388,179.51,44.9929,1122,213,0.2,-0.007485956110758707,0.8466196656227112,0.0003,0.0044028615,2120,0.027880859375,18.570116209983826,7.826756477355957,-0.49922896847128867
438272,390,179.18,45.25719999999999,1122,214,0.2,-0.009079699288122356,0.8496172428131104,0.0003,0.0037724874,2130,0.042578125,12.80913679599762,6.039216041564941,-0.4986342616379261
440320,392,182.3,46.09199999999999,1122,215,0.2,-0.006635839786031284,0.7488111257553101,0.0003,0.0035948614,2140,0.02705078125,24.16217885017395,11.282332420349121,-0.5111807532608509
442368,394,178.88,44.3432,1122,216,0.2,-0.006296377914259211,0.7447341680526733,0.0003,0.0029802641,2150,0.0220703125,21.096351528167723,9.89483642578125,-0.5059372082352638
444416,396,180.95,45.39849999999999,1121,217,0.2,-0.007107209251262248,0.6734530925750732,0.0003,0.0043847524,2160,0.033544921875,22.27613444328308,8.762730598449707,-0.5057706080377102
446464,398,185.49,45.774100000000004,1121,218,0.2,-0.006138736626598984,0.744154691696167,0.0003,0.003048669,2170,0.018115234375,20.766212821006775,9.451461791992188,-0.48186456859111787
448512,400,191.63,47.012699999999995,1121,219,0.2,-0.007876600141753443,0.7847591042518616,0.0003,0.004693365,2180,0.034130859375,15.992704725265503,7.4698944091796875,-0.5053198531270027
450560,402,195.22,48.858799999999995,1120,220,0.2,-0.005490692314924672,0.5963954925537109,0.0003,0.0032699148,2190,0.022021484375,28.614721488952636,16.372848510742188,-0.508339136093855
452608,403,200.07,50.9103,1120,221,0.2,-0.0055457306443713605,0.6667739152908325,0.0003,0.0027963887,2200,0.019873046875,26.352085208892824,12.94690990447998,-0.4933702155947685
454656,405,200.93,51.172700000000006,1120,222,0.2,-0.007187971053645015,0.6919108629226685,0.0003,0.0046125175,2210,0.030126953125,26.43249292373657,10.674397468566895,-0.4949080303311348
456704,407,197.27,51.957300000000004,1119,223,0.2,-0.009132675227010622,0.8041906356811523,0.0003,0.00385304,2220,0.0419921875,15.928616714477538,7.3433074951171875,-0.486409904807806
458752,409,196.94,52.64459999999999,1119,224,0.2,-0.007551804359536618,0.7770811319351196,0.0003,0.004137392,2230,0.036865234375,18.596047711372375,7.821405410766602,-0.4573784902691841
460800,411,201.74,56.101600000000005,1118,225,0.2,-0.008708012360148131,0.6946502327919006,0.0003,0.004305289,2240,0.030224609375,28.827431011199952,11.930461883544922,-0.502408181130886
462848,414,196.23,55.7757,1117,226,0.2,-0.006554750463692471,0.5952163338661194,0.0003,0.0032865286,2250,0.02470703125,40.37516279220581,14.882560729980469,-0.49696615189313886
464896,415,193.1,55.167,1118,227,0.2,-0.00786249473458156,0.6971429586410522,0.0003,0.004986117,2260,0.034423828125,29.891753244400025,12.80447769165039,-0.48542011007666586
466944,417,182.77,53.92530000000001,1118,228,0.2,-0.0044499895710032435,0.732399582862854,0.0003,0.0031712237,2270,0.023681640625,26.9218957901001,10.054821014404297,-0.4737908557057381
468992,419,176.78,52.00419999999998,1118,229,0.2,-0.00501184246968478,0.740938663482666,0.0003,0.0025175335,2280,0.015771484375,23.046897745132448,8.649077415466309,-0.472222825884819
471040,421,180.6,54.15999999999999,1116,230,0.2,-0.006114969481131993,0.632253885269165,0.0003,0.0026896887,2290,0.03173828125,32.500568866729736,13.994026184082031,-0.46686881184577944
473088,423,182.75,54.8935,1116,231,0.2,-0.007969294127542525,0.7504440546035767,0.0003,0.00506408,2300,0.0345703125,21.70810136795044,10.106827735900879,-0.48471065536141394
475136,425,186.68,57.1202,1116,232,0.2,-0.00871987970022019,0.7264902591705322,0.0003,0.0045043766,2310,0.048046875,27.89419894218445,13.73551082611084,-0.47664531469345095
477184,427,189.38,57.252199999999995,1116,233,0.2,-0.00576414059032686,0.5075811743736267,0.0003,0.0021762862,2320,0.023681640625,43.72533731460571,18.265466690063477,-0.4625037208199501
479232,429,186.8,56.174000000000014,1116,234,0.2,-0.009211021510418504,0.7299036383628845,0.0003,0.0044490127,2330,0.0318359375,20.984457111358644,8.622871398925781,-0.486990287899971
481280,431,189.49,56.366099999999996,1115,235,0.2,-0.008206387993413954,0.6135048270225525,0.0003,0.0035279405,2340,0.059423828125,32.746732759475705,13.174561500549316,-0.47255016565322877
483328,433,193.23,57.824700000000014,1115,236,0.2,-0.008405139611568302,0.6979786157608032,0.0003,0.0046756878,2350,0.038720703125,29.281220483779908,15.479000091552734,-0.4746916927397251
485376,435,195.41,58.645900000000005,1114,237,0.2,-0.006401639746036381,0.6649749279022217,0.0003,0.0031678113,2360,0.017431640625,33.90618200302124,14.162675857543945,-0.4607554756104946
487424,437,203.51,59.44289999999999,1114,238,0.2,-0.007522871694527566,0.7905194759368896,0.0003,0.003997351,2370,0.03544921875,18.206883549690247,7.635678768157959,-0.4602501213550568
489472,439,202.68,58.65520000000001,1114,239,0.2,-0.008191706595243885,0.8193960189819336,0.0003,0.004381185,2380,0.018505859375,22.56510829925537,10.259772300720215,-0.4888877868652344
491520,441,202.49,58.124100000000006,1114,240,0.2,-0.006485898658866063,0.7739128470420837,0.0003,0.00440304,2390,0.032421875,26.389700889587402,10.297602653503418,-0.4443438105285168
493568,443,202.46,58.5144,1113,241,0.2,-0.00853818038594909,0.8128396272659302,0.0003,0.004859454,2400,0.04990234375,18.470198678970338,8.130127906799316,-0.46085087656974794
495616,445,204.55,58.93450000000001,1112,242,0.2,-0.006153461220674217,0.6992664337158203,0.0003,0.0041076373,2410,0.0240234375,29.259195375442506,14.505815505981445,-0.4782802529633045
497664,447,207.36,60.3854,1112,243,0.2,-0.007455600565299392,0.7271238565444946,0.0003,0.0042876187,2420,0.036572265625,30.760002756118773,12.263819694519043,-0.4874016061425209
499712,449,203.32,58.336800000000004,1112,244,0.2,-0.00924476565560326,0.7646998167037964,0.0003,0.004725408,2430,0.0341796875,24.93614363670349,11.304898262023926,-0.4675480328500271
501760,451,206.51,59.09989999999998,1111,245,0.2,-0.006647138856351376,0.7269778251647949,0.0003,0.003191043,2440,0.029833984375,34.808444356918336,17.18654441833496,-0.458751542121172
503808,453,207.72,59.0758,1111,246,0.2,-0.009086053143255413,0.7978985905647278,0.0003,0.003564874,2450,0.04189453125,28.315312767028807,15.452898025512695,-0.4832206092774868
505856,455,206.62,59.7488,1110,247,0.2,-0.006188438821118325,0.7039042115211487,0.0003,0.0031639016,2460,0.027197265625,39.920328092575076,20.850811004638672,-0.45835667923092843
507904,457,203.22,60.61780000000001,1110,248,0.2,-0.007397736271377653,0.718320906162262,0.0003,0.0038467313,2470,0.029833984375,41.7860728263855,18.427160263061523,-0.46578840985894204
509952,459,207.36,62.46639999999999,1109,249,0.2,-0.006576701544690877,0.7160235643386841,0.0003,0.0023164125,2480,0.024462890625,36.428423976898195,18.159137725830078,-0.45675344318151473
512000,461,209.35,65.58250000000001,1109,250,0.2,-0.006806256924755871,0.7055568695068359,0.0003,0.0028046228,2490,0.021923828125,35.59391946792603,18.267995834350586,-0.4672229394316673
514048,462,208.74,66.4416,1110,251,0.2,-0.005454324895981699,0.6491737365722656,0.0003,0.0030359856,2500,0.0234375,46.00632171630859,18.43115997314453,-0.47488217130303384
516096,464,205.07,65.0133,1110,252,0.2,-0.009114912559743971,0.713402271270752,0.0003,0.0045389743,2510,0.050537109375,41.03173775672913,20.041873931884766,-0.45465618148446085
518144,466,205.1,64.509,1109,253,0.2,-0.007346579933073372,0.745148777961731,0.0003,0.005144892,2520,0.04296875,37.08971538543701,18.11153793334961,-0.46646379083395006
520192,469,211.68,66.69720000000001,1108,254,0.2,-0.006736195641860831,0.7667781114578247,0.0003,0.0043753767,2530,0.046044921875,36.90307726860046,14.579802513122559,-0.4545013181865215
522240,471,207.7,66.97,1108,255,0.2,-0.006116119027137756,0.7392948269844055,0.0003,0.003703921,2540,0.01630859375,32.78714771270752,13.487486839294434,-0.4592004343867302
524288,473,206.53,66.21170000000001,1107,256,0.2,-0.007113615371054038,0.7125864624977112,0.0003,0.0032772417,2550,0.026416015625,34.14882078170776,16.92729377746582,-0.4626404747366905
526336,475,211.24,69.39159999999998,1106,257,0.2,-0.008348884421866386,0.6873283386230469,0.0003,0.0034161748,2560,0.028564453125,39.987230110168454,18.98509979248047,-0.46348341181874275
528384,477,213.43,70.36569999999999,1105,258,0.2,-0.0040028199786320325,0.6614161729812622,0.0003,0.003098406,2570,0.02265625,59.960664653778075,29.456512451171875,-0.44291201159358023
530432,480,213.27,71.83229999999999,1104,259,0.2,-0.008542245550779625,0.7376976013183594,0.0003,0.004642059,2580,0.0369140625,48.63783149719238,22.81105613708496,-0.4549176827073097
532480,482,201.73,66.8537,1103,260,0.2,-0.006256018273415975,0.7369019985198975,0.0003,0.0036972412,2590,0.0255859375,46.81376600265503,20.760929107666016,-0.4418832466006279
534528,484,206.31,66.4919,1102,261,0.2,-0.007580067456001416,0.666581392288208,0.0003,0.00296855,2600,0.02919921875,54.705853366851805,24.249658584594727,-0.4513033851981163
536576,486,201.53,67.21870000000001,1102,262,0.2,-0.008059828786645084,0.7110217213630676,0.0003,0.0036635054,2610,0.035693359375,52.58401365280152,29.60179328918457,-0.44894578754901887
538624,488,198.92,67.28179999999999,1102,263,0.2,-0.005600304983090609,0.7601644992828369,0.0003,0.0028760224,2620,0.01591796875,37.41099772453308,16.196720123291016,-0.4398550376296043
540672,490,190.14,64.5866,1101,264,0.2,-0.006313660304294899,0.8156517148017883,0.0003,0.0030631104,2630,0.02451171875,35.99644403457641,14.586363792419434,-0.4222295738756657
542720,492,194.69,66.39110000000001,1100,265,0.2,-0.006357907986966893,0.592532753944397,0.0003,0.0032415744,2640,0.02880859375,56.595352458953855,24.900163650512695,-0.41765692085027695
544768,494,190.49,63.8781,1100,266,0.2,-0.007984388625482097,0.7170284986495972,0.0003,0.003783063,2650,0.045654296875,41.329916667938235,19.902137756347656,-0.43251303508877753
546816,496,190.48,63.35319999999999,1101,267,0.2,-0.007211899198591709,0.6106642484664917,0.0003,0.004490601,2660,0.0330078125,44.641225051879886,22.097665786743164,-0.42722086906433104
548864,498,190.02,63.20279999999999,1100,268,0.2,-0.008173471293412149,0.7531035542488098,0.0003,0.0037689866,2670,0.02626953125,31.182085466384887,15.11355972290039,-0.4267550341784954
550912,500,191.38,62.6922,1099,269,0.2,-0.0068072040856350215,0.8213022947311401,0.0003,0.0041843224,2680,0.022509765625,28.201362991333006,11.985799789428711,-0.4132174216210842
552960,502,194.42,66.5468,1099,270,0.2,-0.009803257405292243,0.8219571113586426,0.0003,0.0041089286,2690,0.05234375,34.99091649055481,14.97673225402832,-0.41769776940345765
555008,505,189.21,64.4649,1098,271,0.2,-0.005511575736454688,0.730961263179779,0.0003,0.0030830759,2700,0.033935546875,45.951469039916994,23.09412384033203,-0.4123975545167923
557056,507,193.72,66.4438,1098,272,0.2,-0.005968671396840364,0.6172240376472473,0.0003,0.00293453,2710,0.0181640625,49.53656120300293,23.25798225402832,-0.4126508064568043
559104,508,194.51,67.0879,1098,273,0.2,-0.008138530375435948,0.7559512257575989,0.0003,0.0038742134,2720,0.043310546875,36.314061880111694,15.342546463012695,-0.40964021012187
561152,510,192.93,66.5477,1098,274,0.2,-0.006237807980505749,0.7377772331237793,0.0003,0.003170812,2730,0.020751953125,33.77624192237854,15.548468589782715,-0.427399792522192
563200,513,187.35,64.5685,1097,275,0.2,-0.007500164955854416,0.7786856293678284,0.0003,0.0037868186,2740,0.044921875,39.050574111938474,19.497329711914062,-0.40609057396650317
565248,515,183.25,64.0905,1096,276,0.2,-0.006267994118388742,0.735422670841217,0.0003,0.0038514803,2750,0.023486328125,45.06818552017212,22.680038452148438,-0.40712459459900857
567296,517,186.81,66.74489999999999,1096,277,0.2,-0.007890285836765543,0.7188433408737183,0.0003,0.0049260524,2760,0.032861328125,43.08363971710205,19.39177894592285,-0.40776920020580293
569344,519,185.48,67.5592,1096,278,0.2,-0.00799456617096439,0.7226352095603943,0.0003,0.0049354383,2770,0.03974609375,34.97961297035217,16.32503890991211,-0.42052004411816596
571392,521,184.26,65.3444,1096,279,0.2,-0.008174595196032896,0.755352258682251,0.0003,0.0050169937,2780,0.0439453125,35.114550828933716,14.173951148986816,-0.4395534135401249
573440,522,186.97,65.6973,1096,280,0.2,-0.0070847724913619455,0.8000342845916748,0.0003,0.0039460706,2790,0.02646484375,38.39358606338501,17.300554275512695,-0.40746048986911776
575488,524,189.52,67.6388,1096,281,0.2,-0.007759291143156588,0.7933595180511475,0.0003,0.0033315117,2800,0.025244140625,39.2363260269165,17.82654571533203,-0.4232497148215771
577536,526,190.02,67.51580000000001,1096,282,0.2,-0.0066894876945298165,0.719005823135376,0.0003,0.0030990308,2810,0.037841796875,46.729499912261964,20.28961944580078,-0.4080003060400486
579584,528,193.54,68.2626,1096,283,0.2,-0.007694885844830424,0.7925022840499878,0.0003,0.003529181,2820,0.03427734375,34.14020690917969,14.670111656188965,-0.41293773129582406
581632,530,202.82,72.9358,1096,284,0.2,-0.00793662592768669,0.6828771829605103,0.0003,0.0033851522,2830,0.02705078125,47.16108980178833,19.918800354003906,-0.41507084518671034
583680,532,204.75,74.4825,1096,285,0.2,-0.006752618204336614,0.7840555906295776,0.0003,0.0036560656,2840,0.034619140625,38.348873138427734,19.601852416992188,-0.40672868862748146
585728,534,206.3,74.533,1096,286,0.2,-0.00837175723281689,0.7675440311431885,0.0003,0.0041795643,2850,0.034228515625,43.97146940231323,18.120595932006836,-0.3925431989133358
587776,536,209.13,75.18969999999999,1095,287,0.2,-0.007830346550326795,0.7860136032104492,0.0003,0.0035058544,2860,0.026025390625,42.430124855041505,19.619510650634766,-0.39194858744740485
589824,538,208.9,75.803,1096,288,0.2,-0.005297913361573592,0.8089420795440674,0.0003,0.0028314353,2870,0.019287109375,42.920590019226076,20.657224655151367,-0.3923325382173061
591872,540,212.19,76.9291,1095,289,0.2,-0.00829869566950947,0.7930036187171936,0.0003,0.0045503518,2880,0.0408203125,34.64440078735352,14.894274711608887,-0.4031027264893055
593920,542,216.78,78.96919999999999,1095,290,0.2,-0.007789203355787322,0.7437545657157898,0.0003,0.004805127,2890,0.0291015625,46.81430854797363,20.413768768310547,-0.41303821429610255
595968,543,212.85,78.0445,1096,291,0.2,-0.005922017156262882,0.8140497207641602,0.0003,0.004390595,2900,0.028759765625,38.77332673072815,17.545164108276367,-0.40697440430521964
598016,545,207.55,76.0835,1096,292,0.2,-0.007385111565236002,0.775313138961792,0.0003,0.0027251488,2910,0.021240234375,51.11529932022095,22.107559204101562,-0.40209358036518095
600064,547,203.75,74.6465,1096,293,0.2,-0.005736151221208274,0.7584764957427979,0.0003,0.002862413,2920,0.019775390625,59.230261421203615,27.79391860961914,-0.38669458553195
602112,549,206.28,75.8162,1096,294,0.2,-0.00659346450411249,0.8432152271270752,0.0003,0.0038283172,2930,0.026220703125,35.22338919639587,15.351386070251465,-0.4068530239164829
604160,551,210.7,76.77,1096,295,0.2,-0.006473780731903389,0.8275952339172363,0.0003,0.0028899312,2940,0.025048828125,35.87055354118347,15.12416934967041,-0.41144701689481733
606208,552,207.32,77.2268,1096,296,0.2,-0.007571403257315978,0.7426939010620117,0.0003,0.0031884257,2950,0.028515625,45.588451862335205,19.71249771118164,-0.4118716150522232
608256,555,205.89,77.10210000000001,1095,297,0.2,-0.007615232164971531,0.7901151180267334,0.0003,0.0035892704,2960,0.030078125,41.833783054351805,18.310535430908203,-0.38265112042427063
610304,556,205.5,76.964,1095,298,0.2,-0.007728896610205993,0.8256075382232666,0.0003,0.0047085257,2970,0.0333984375,30.691710948944092,14.023646354675293,-0.41400773599743845
612352,558,203.87,76.51830000000001,1096,299,0.2,-0.005376021499978378,0.6778006553649902,0.0003,0.0035603372,2980,0.031396484375,65.03748388290406,32.21058654785156,-0.3998706690967083
614400,560,194.95,73.1905,1096,300,0.2,-0.006612051976844668,0.8221436142921448,0.0003,0.0030108793,2990,0.02578125,29.40497941970825,11.136513710021973,-0.4081221580505371
616448,562,197.42,74.0498,1096,301,0.2,-0.008581447842880152,0.8224107027053833,0.0003,0.0042980374,3000,0.04169921875,33.207122039794925,15.950258255004883,-0.38939265459775924
618496,564,198.96,75.9484,1096,302,0.2,-0.00915573536476586,0.7911370396614075,0.0003,0.0038543968,3010,0.057373046875,33.49490218162536,16.97504234313965,-0.3946230374276638
620544,565,201.0,77.33,1096,303,0.2,-0.004889887751778588,0.7582340836524963,0.0003,0.002847821,3020,0.01865234375,45.64587478637695,16.915332794189453,-0.3687370829284191
622592,567,200.5,79.285,1096,304,0.2,-0.0074164473684504625,0.8558416366577148,0.0003,0.0032341147,3030,0.034375,34.14491753578186,16.72356414794922,-0.409851698577404
624640,569,197.97,78.9733,1096,305,0.2,-0.005437151028309018,0.8233226537704468,0.0003,0.0030465224,3040,0.025927734375,43.88114595413208,19.5350341796875,-0.3872837573289871
626688,571,199.33,79.51370000000001,1096,306,0.2,-0.007497030135709792,0.8479186296463013,0.0003,0.0044957786,3050,0.035693359375,40.36415033340454,19.35308265686035,-0.39066150709986686
628736,573,201.03,80.17269999999999,1096,307,0.2,-0.006761043338337913,0.8494361639022827,0.0003,0.0041988743,3060,0.031884765625,45.59068193435669,17.508779525756836,-0.38400970548391344
630784,575,206.93,81.96870000000001,1096,308,0.2,-0.006620956107508391,0.8020302057266235,0.0003,0.0035624523,3070,0.03544921875,49.005631828308104,21.672086715698242,-0.372513347864151
632832,576,204.1,81.65499999999999,1096,309,0.2,-0.007113009516615421,0.7697436809539795,0.0003,0.0035361531,3080,0.033935546875,48.97895860671997,20.742332458496094,-0.3981356017291546
634880,578,207.39,83.18709999999999,1096,310,0.2,-0.005493413901422173,0.845202624797821,0.0003,0.0028377934,3090,0.021630859375,43.811332607269286,19.737287521362305,-0.38008598014712336
636928,580,213.43,84.67669999999998,1096,311,0.2,-0.008745236846152693,0.8430091738700867,0.0003,0.0045324103,3100,0.031103515625,36.88574433326721,16.881269454956055,-0.38355123698711396
638976,582,211.72,84.24779999999998,1096,312,0.2,-0.008753504836931825,0.8418307900428772,0.0003,0.005079783,3110,0.060009765625,39.664727449417114,15.360855102539062,-0.38802480399608613
641024,585,206.76,81.22039999999998,1095,313,0.2,-0.006552364572416991,0.8199291229248047,0.0003,0.0028792312,3120,0.024951171875,43.00929327011109,18.810354232788086,-0.400517113506794
643072,586,206.69,79.1561,1095,314,0.2,-0.0060585867613554,0.7903305292129517,0.0003,0.0032051825,3130,0.0318359375,46.10080108642578,17.248916625976562,-0.3807108648121357
645120,589,206.28,77.54920000000001,1095,315,0.2,-0.008441770862555131,0.811701238155365,0.0003,0.0051762424,3140,0.050830078125,50.72395486831665,21.20621681213379,-0.3993168920278549
647168,591,208.33,77.9317,1094,316,0.2,-0.00473074892652221,0.7456756830215454,0.0003,0.001992443,3150,0.01376953125,55.49421911239624,23.342529296875,-0.39060342535376547
649216,593,210.96,79.5594,1094,317,0.2,-0.007139895594445988,0.8230636119842529,0.0003,0.0032197165,3160,0.02890625,33.53974256515503,13.117204666137695,-0.3883347064256668
651264,595,213.21,80.8969,1094,318,0.2,-0.006600057485047728,0.8010987043380737,0.0003,0.0041431547,3170,0.025048828125,42.67978057861328,20.614282608032227,-0.3819331407546997
653312,597,215.39,81.33709999999999,1093,319,0.2,-0.007180464168777689,0.7803083658218384,0.0003,0.003214504,3180,0.028857421875,50.793209838867185,21.407148361206055,-0.37562585473060606
655360,599,214.85,82.75450000000001,1093,320,0.2,-0.009579625469632447,0.8073521256446838,0.0003,0.0049632983,3190,0.043994140625,36.428457736968994,16.094289779663086,-0.40055668354034424
657408,601,213.94,81.7426,1092,321,0.2,-0.005147759514511563,0.7747291326522827,0.0003,0.00314607,3200,0.023828125,48.9028977394104,23.247196197509766,-0.3779015488922596
659456,603,217.59,81.9501,1092,322,0.2,-0.006356147312908433,0.8217436075210571,0.0003,0.0035970341,3210,0.0283203125,49.733917808532716,24.454912185668945,-0.4067832037806511
661504,606,222.5,84.85300000000001,1091,323,0.2,-0.007702892366796732,0.7927138805389404,0.0003,0.005478812,3220,0.035302734375,33.77578754425049,12.674964904785156,-0.4163219451904297
663552,608,227.8,87.616,1091,324,0.2,-0.006596504407934844,0.7674504518508911,0.0003,0.0030166253,3230,0.030322265625,43.154795455932614,20.039588928222656,-0.3866547219455242
665600,609,228.56,88.14639999999997,1091,325,0.2,-0.006707600969821215,0.7638150453567505,0.0003,0.004054337,3240,0.03125,44.71380453109741,19.935226440429688,-0.3928814671933651
667648,611,234.35,91.65249999999996,1090,326,0.2,-0.005048795160837472,0.7812886238098145,0.0003,0.0020452961,3250,0.018310546875,49.770738410949704,23.33340835571289,-0.3670713432133198
669696,614,239.68,93.6832,1090,327,0.2,-0.004700720828259364,0.7625240087509155,0.0003,0.0015551433,3260,0.012548828125,46.724342918396,20.77387809753418,-0.3553080640733242
671744,616,237.52,93.09579999999997,1089,328,0.2,-0.007242219848558306,0.8187451362609863,0.0003,0.0034296934,3270,0.0263671875,37.28066520690918,14.85822868347168,-0.3919886603951454
673792,618,241.27,92.6313,1088,329,0.2,-0.007779949088580906,0.8447723984718323,0.0003,0.0037662005,3280,0.03232421875,34.97335233688354,15.782522201538086,-0.3882190391421318
675840,620,238.38,91.25120000000001,1088,330,0.2,-0.009040057891979814,0.8082394003868103,0.0003,0.0041897735,3290,0.036767578125,42.501693916320804,16.378726959228516,-0.37880475372076033
677888,622,242.21,93.71690000000001,1088,331,0.2,-0.006583596672862768,0.8634733557701111,0.0003,0.0031665498,3300,0.023876953125,37.97890152931213,17.46295928955078,-0.36431323662400245
679936,624,244.01,93.59990000000002,1089,332,0.2,-0.006624771293718368,0.8329708576202393,0.0003,0.0030111936,3310,0.03310546875,52.383227062225345,22.13485336303711,-0.3453193597495556
681984,626,251.93,97.48269999999998,1088,333,0.2,-0.006618442083708942,0.818515956401825,0.0003,0.0038049226,3320,0.032763671875,42.472266387939456,17.41875457763672,-0.3684386394917965
684032,628,251.79,98.60509999999998,1088,334,0.2,-0.006907298596343025,0.8528034090995789,0.0003,0.0030732967,3330,0.0279296875,43.16485147476196,19.982275009155273,-0.3688336372375488
686080,630,248.16,95.9144,1088,335,0.2,-0.005793895944952965,0.7876158356666565,0.0003,0.0027094472,3340,0.01904296875,46.88760099411011,18.8746280670166,-0.36962189674377444
688128,632,243.82,95.70880000000001,1088,336,0.2,-0.00680857640109025,0.7653772830963135,0.0003,0.0026095456,3350,0.01708984375,50.670232963562015,21.363651275634766,-0.3804824039340019
690176,633,244.82,95.34380000000002,1088,337,0.2,-0.0076506017823703585,0.8430463075637817,0.0003,0.004477586,3360,0.033935546875,40.49427423477173,18.37361717224121,-0.3560078054666519
692224,635,243.17,95.16829999999999,1088,338,0.2,-0.0069241082179360095,0.7596425414085388,0.0003,0.003441075,3370,0.038330078125,46.45043268203735,23.93457794189453,-0.36770981177687645
694272,637,239.36,93.77740000000001,1088,339,0.2,-0.006608773639891296,0.8319128155708313,0.0003,0.0031849302,3380,0.02998046875,42.767210483551025,19.86520767211914,-0.33810625299811364
696320,639,239.97,95.93130000000001,1088,340,0.2,-0.007121069257846102,0.8563505411148071,0.0003,0.0044370852,3390,0.03525390625,38.858067417144774,16.93826675415039,-0.34610290750861167
698368,642,241.23,97.4557,1087,341,0.2,-0.004751213168492541,0.8239731192588806,0.0003,0.002545029,3400,0.02685546875,47.34850492477417,19.766681671142578,-0.3609627649188042
700416,644,238.92,95.8938,1087,342,0.2,-0.005671126750530675,0.7999524474143982,0.0003,0.0038257553,3410,0.03525390625,54.15649185180664,22.54463005065918,-0.34781878590583803
702464,646,242.0,99.36299999999997,1086,343,0.2,-0.006615270429756492,0.8551845550537109,0.0003,0.004365897,3420,0.030517578125,37.428331804275516,17.801538467407227,-0.35776152461767197
704512,648,242.26,99.8294,1087,344,0.2,-0.005062080908101052,0.8051348924636841,0.0003,0.002535095,3430,0.01416015625,46.75300092697144,18.9265079498291,-0.35696573108434676
706560,649,242.79,99.61009999999999,1087,345,0.2,-0.006256405095336958,0.8432366251945496,0.0003,0.0025618915,3440,0.030126953125,43.31663131713867,18.264833450317383,-0.35014215111732483
708608,651,247.58,101.54619999999998,1087,346,0.2,-0.010554255510214716,0.8471790552139282,0.0003,0.006350535,3450,0.05458984375,45.69195261001587,19.534746170043945,-0.36588106825947764
710656,653,250.77,102.9923,1087,347,0.2,-0.007345434988383204,0.7615577578544617,0.0003,0.0036502369,3460,0.034765625,55.528174018859865,23.106651306152344,-0.34124335572123526
712704,655,248.36,102.9374,1087,348,0.2,-0.005156011536018923,0.8559072613716125,0.0003,0.0040749833,3470,0.01865234375,40.581017875671385,18.777360916137695,-0.35534636229276656
714752,657,251.51,105.04389999999998,1087,349,0.2,-0.006311882636509836,0.7210052013397217,0.0003,0.003950623,3480,0.043115234375,62.25297737121582,28.759071350097656,-0.37010250687599183
716800,659,256.49,107.57110000000003,1087,350,0.2,-0.005305198740097694,0.7995407581329346,0.0003,0.0038457878,3490,0.02861328125,44.28053121566772,18.391725540161133,-0.3536024369299412
718848,661,256.21,109.0069,1087,351,0.2,-0.007355623232433573,0.8634910583496094,0.0003,0.004380199,3500,0.045751953125,32.76892642974853,13.84363079071045,-0.360899218916893
720896,663,261.79,111.91410000000002,1087,352,0.2,-0.007677179470192641,0.82499760389328,0.0003,0.0035178852,3510,0.03203125,47.00026903152466,19.367488861083984,-0.34636350274086
722944,665,259.33,110.67470000000002,1086,353,0.2,-0.00965020662988536,0.8904786109924316,0.0003,0.005396393,3520,0.042919921875,33.204426765441895,13.653844833374023,-0.3699068583548069
724992,666,260.1,111.777,1087,354,0.2,-0.007205885121948086,0.8783320188522339,0.0003,0.0035159735,3530,0.0306640625,37.09086508750916,16.918132781982422,-0.35312034487724303
727040,669,262.66,111.18540000000002,1085,355,0.2,-0.007530025229789317,0.8661587238311768,0.0003,0.0036079118,3540,0.041162109375,37.02891526222229,15.811162948608398,-0.3648759759962559
729088,671,260.68,109.97219999999997,1085,356,0.2,-0.004892815454513766,0.8509852290153503,0.0003,0.0026280712,3550,0.024169921875,44.042572784423825,19.351375579833984,-0.37392515167593954
731136,673,261.95,110.5545,1085,357,0.2,-0.007754340156679973,0.8695828914642334,0.0003,0.0033929707,3560,0.03349609375,49.88921861648559,19.307119369506836,-0.36067100539803504
733184,675,260.12,111.06379999999999,1085,358,0.2,-0.007413231686223298,0.8664604425430298,0.0003,0.0039572055,3570,0.032861328125,43.153960609436034,20.490753173828125,-0.3528710700571537
735232,677,260.51,112.11889999999998,1084,359,0.2,-0.00789519147365354,0.882766604423523,0.0003,0.0034641742,3580,0.035791015625,38.434389162063596,17.294336318969727,-0.34549947157502175
737280,679,260.5,113.804,1084,360,0.2,-0.008381139155244455,0.8380212187767029,0.0003,0.0034204214,3590,0.02763671875,46.32922945022583,18.08322525024414,-0.3476764939725399
739328,681,262.86,114.99340000000001,1084,361,0.2,-0.005954084795666859,0.8501808643341064,0.0003,0.0025315722,3600,0.0265625,48.28091478347778,21.884353637695312,-0.32513323947787287
741376,683,263.22,115.3458,1084,362,0.2,-0.0072922568768262865,0.8617255687713623,0.0003,0.0039568515,3610,0.033349609375,40.87284631729126,17.575658798217773,-0.3572044834494591
743424,685,261.71,113.47990000000001,1083,363,0.2,-0.0064722630544565615,0.8638592958450317,0.0003,0.0032988533,3620,0.027490234375,44.8530592918396,19.26228141784668,-0.32143627777695655
745472,687,260.29,110.9941,1083,364,0.2,-0.00454399807495065,0.8516298532485962,0.0003,0.0026685856,3630,0.020068359375,34.8684965133667,13.239951133728027,-0.34944913536310196
747520,689,261.79,111.29109999999999,1083,365,0.2,-0.006339392985682935,0.8169252872467041,0.0003,0.0031518405,3640,0.0166015625,44.568085479736325,18.205629348754883,-0.3420003890991211
749568,691,263.33,111.4817,1083,366,0.2,-0.008131768892053515,0.8139625787734985,0.0003,0.004937132,3650,0.050048828125,40.31134157180786,16.52958106994629,-0.34038388952612875
751616,693,255.43,109.1407,1083,367,0.2,-0.008929283590987325,0.870333194732666,0.0003,0.0052688275,3660,0.043115234375,32.74831676483154,13.993955612182617,-0.34656377881765366
753664,695,255.84,110.1526,1083,368,0.2,-0.007511964451987296,0.8943340182304382,0.0003,0.0054558245,3670,0.042138671875,31.668260192871095,12.117268562316895,-0.33622763231396674
755712,697,259.61,113.45389999999998,1083,369,0.2,-0.00519845227827318,0.8552625179290771,0.0003,0.0027181483,3680,0.0189453125,44.88292150497436,21.027429580688477,-0.3146474458277225
757760,699,256.86,113.82139999999998,1082,370,0.2,-0.0062501862063072625,0.9175896644592285,0.0003,0.0037206258,3690,0.024853515625,30.120747089385986,11.42765998840332,-0.3471886314451694
759808,702,256.82,111.41680000000001,1082,371,0.2,-0.007008702482562512,0.8762550354003906,0.0003,0.004408675,3700,0.043212890625,40.648084831237796,18.4865665435791,-0.3463989868760109
761856,704,256.4,111.86300000000001,1082,372,0.2,-0.005510543222771958,0.8402674794197083,0.0003,0.0025830516,3710,0.014990234375,48.991867542266846,19.033966064453125,-0.3463716350495815
763904,706,261.64,113.96260000000001,1081,373,0.2,-0.005874315882101655,0.9101659655570984,0.0003,0.0027642152,3720,0.019873046875,26.070158386230467,10.221465110778809,-0.32337989956140517
765952,707,262.52,114.0908,1081,374,0.2,-0.009811231162166223,0.887245237827301,0.0003,0.0061292457,3730,0.049755859375,32.40024375915527,14.605072021484375,-0.3524118408560753
768000,710,266.57,115.64929999999998,1080,375,0.2,-0.006599948395160027,0.8483946323394775,0.0003,0.0029095768,3740,0.02998046875,40.900590896606445,17.596969604492188,-0.34237582683563234
770048,712,265.74,118.03560000000002,1080,376,0.2,-0.007393377309199423,0.8985950350761414,0.0003,0.0045528784,3750,0.035791015625,30.46638116836548,13.005233764648438,-0.3300900675356388
772096,714,262.12,115.1568,1080,377,0.2,-0.010517203772906214,0.9111543893814087,0.0003,0.0051566646,3760,0.04287109375,32.1313560962677,14.476447105407715,-0.32993588224053383
774144,716,257.03,114.90369999999997,1080,378,0.2,-0.009298204490914942,0.8856149315834045,0.0003,0.0046388344,3770,0.04794921875,41.00044937133789,17.41439437866211,-0.3461513414978981
776192,718,258.75,114.6195,1079,379,0.2,-0.006136344821425155,0.8701711893081665,0.0003,0.0027961642,3780,0.020068359375,43.94667720794678,21.083194732666016,-0.3151124566793442
778240,720,262.3,115.79400000000001,1079,380,0.2,-0.007660197341465391,0.8324171304702759,0.0003,0.003493604,3790,0.029638671875,43.665517807006836,16.015853881835938,-0.34557825699448586
780288,722,263.15,114.59949999999999,1079,381,0.2,-0.005590869241859764,0.8124381899833679,0.0003,0.0027379543,3800,0.022314453125,44.07285385131836,16.059310913085938,-0.33811716735363007
782336,724,264.08,113.54119999999999,1079,382,0.2,-0.006821886543184519,0.859985888004303,0.0003,0.0056006038,3810,0.035400390625,37.63920545578003,15.832672119140625,-0.3482688844203949
784384,726,265.6,114.73999999999998,1079,383,0.2,-0.006455482682213187,0.8406476974487305,0.0003,0.003965914,3820,0.02529296875,41.82536249160766,14.501983642578125,-0.3334090828895569
786432,728,261.21,113.5099,1079,384,0.2,-0.007002928212750703,0.7741134166717529,0.0003,0.0029811156,3830,0.02744140625,63.05369682312012,27.119617462158203,-0.30885239094495776
788480,730,260.8,113.171,1079,385,0.2,-0.007625892793294042,0.8823809027671814,0.0003,0.004070622,3840,0.039013671875,37.1585045337677,15.189085960388184,-0.3031033478677273
790528,732,256.28,110.9562,1078,386,0.2,-0.007767949276603759,0.8924582600593567,0.0003,0.003756865,3850,0.04326171875,34.03859724998474,15.994717597961426,-0.33046143427491187
792576,734,258.94,113.9366,1078,387,0.2,-0.008440498018171639,0.8716022372245789,0.0003,0.005134542,3860,0.039013671875,42.67766466140747,17.241294860839844,-0.2951901040971279
794624,736,261.2,114.95799999999997,1078,388,0.2,-0.009057567722629755,0.878754734992981,0.0003,0.004881452,3870,0.0416015625,43.515237140655515,17.65816307067871,-0.33474821373820307
796672,738,264.09,115.4051,1078,389,0.2,-0.006822596065467224,0.8446136713027954,0.0003,0.0036517964,3880,0.03232421875,43.65362710952759,16.83160400390625,-0.31946694329380987
798720,740,263.31,115.26389999999999,1078,390,0.2,-0.0059914366051089015,0.8564853668212891,0.0003,0.0038650786,3890,0.027001953125,42.77589054107666,16.568408966064453,-0.3061740905046463
800768,742,269.51,118.43589999999999,1078,391,0.2,-0.008390954832429997,0.8358400464057922,0.0003,0.003652331,3900,0.03740234375,49.733377838134764,20.536985397338867,-0.3115785211324692
802816,744,264.0,116.22,1078,392,0.2,-0.008110569982090966,0.8917976021766663,0.0003,0.00422865,3910,0.0345703125,38.166283226013185,16.539518356323242,-0.3061056427657604
804864,746,266.22,119.04180000000001,1078,393,0.2,-0.006101045745890587,0.8742252588272095,0.0003,0.004011603,3920,0.027197265625,48.065548992156984,19.569690704345703,-0.32759257331490516
806912,748,267.27,120.5353,1078,394,0.2,-0.007202565058832988,0.8528586626052856,0.0003,0.004349955,3930,0.035302734375,42.79428300857544,21.58393096923828,-0.2812450021505356
808960,749,263.39,119.86809999999996,1078,395,0.2,-0.007203403190942481,0.8725599050521851,0.0003,0.004896682,3940,0.034814453125,41.49487314224243,17.307851791381836,-0.29139935672283174
811008,752,264.22,120.9158,1078,396,0.2,-0.008601030410500244,0.8817639946937561,0.0003,0.0046295375,3950,0.035498046875,40.479811096191405,17.174861907958984,-0.2896448321640491
813056,754,266.57,120.9763,1078,397,0.2,-0.007849549752427265,0.9029665589332581,0.0003,0.0046759183,3960,0.03369140625,30.074884366989135,12.188332557678223,-0.29213243946433065
815104,756,271.22,123.2238,1078,398,0.2,-0.00574966958956793,0.8720954060554504,0.0003,0.0038113217,3970,0.03359375,46.09925537109375,18.759178161621094,-0.3026908591389656
817152,757,271.15,123.02349999999998,1078,399,0.2,-0.009489413734991103,0.8532170653343201,0.0003,0.0044457363,3980,0.038232421875,44.4188648223877,17.22356605529785,-0.29718041270971296
819200,759,277.28,125.42919999999998,1078,400,0.2,-0.007473197468789295,0.8309524059295654,0.0003,0.0036615848,3990,0.0310546875,54.954725646972655,19.814037322998047,-0.29314695075154307
821248,761,281.92,128.9988,1077,401,0.2,-0.006875950348330662,0.8501597046852112,0.0003,0.00393997,4000,0.0416015625,44.8407280921936,20.703004837036133,-0.30562432333827017
823296,763,278.46,127.2824,1077,402,0.2,-0.0067142697516828775,0.8855992555618286,0.0003,0.0053100763,4010,0.032373046875,33.9178982257843,13.264669418334961,-0.324749506264925
825344,765,273.52,126.98379999999999,1077,403,0.2,-0.007715081376954913,0.8980805277824402,0.0003,0.0049921344,4020,0.0328125,38.274140405654904,15.176375389099121,-0.2994320660829544
827392,767,275.94,128.0146,1077,404,0.2,-0.005485452827997506,0.86027592420578,0.0003,0.0033731302,4030,0.027001953125,54.388971996307376,20.925670623779297,-0.29831270650029185
829440,769,280.25,128.8025,1077,405,0.2,-0.007354549405863509,0.899673342704773,0.0003,0.0055078994,4040,0.03876953125,35.66766209602356,14.448236465454102,-0.3055877573788166
831488,771,286.18,133.45219999999998,1077,406,0.2,-0.007633705402258784,0.9040758609771729,0.0003,0.004437639,4050,0.037646484375,27.650939416885375,11.255105972290039,-0.3055025912821293
833536,774,285.68,132.2792,1076,407,0.2,-0.00709757815930061,0.9362298250198364,0.0003,0.0043860017,4060,0.035791015625,23.794046926498414,9.472064971923828,-0.286868304759264
835584,776,292.68,134.5982,1076,408,0.2,-0.008249096246436239,0.8151450753211975,0.0003,0.0030078453,4070,0.031591796875,56.10088844299317,24.78090476989746,-0.3012836009263992
837632,778,293.68,135.78519999999997,1076,409,0.2,-0.007917195302434265,0.8945130109786987,0.0003,0.0050621317,4080,0.0376953125,33.03342809677124,11.934572219848633,-0.3118613660335541
839680,780,294.74,135.22359999999998,1076,410,0.2,-0.008719941443996505,0.9064866304397583,0.0003,0.0049904794,4090,0.0462890625,32.5084593296051,14.644227027893066,-0.2857039973139763
841728,782,294.04,135.7666,1076,411,0.2,-0.005597064626635983,0.8833802938461304,0.0003,0.0033101067,4100,0.031787109375,49.30537633895874,21.1413631439209,-0.3184199437499046
843776,784,291.41,133.59890000000001,1076,412,0.2,-0.007850979140494018,0.9021522998809814,0.0003,0.0044707386,4110,0.040478515625,35.34766340255737,14.926025390625,-0.29981736168265344
845824,786,294.4,136.686,1075,413,0.2,-0.0044009639823343605,0.8432138562202454,0.0003,0.0023262156,4120,0.0125,56.369973278045656,26.188865661621094,-0.3143685139715672
847872,788,296.91,137.1489,1075,414,0.2,-0.007183018466457724,0.9225294589996338,0.0003,0.0049006077,4130,0.0361328125,25.91823239326477,8.754011154174805,-0.3037296086549759
849920,790,290.53,134.4107,1075,415,0.2,-0.006735073984600604,0.838085412979126,0.0003,0.004189563,4140,0.028955078125,46.895356845855716,21.293432235717773,-0.30489925667643547
851968,792,291.44,136.01760000000002,1074,416,0.2,-0.006822878733510151,0.8598846197128296,0.0003,0.0030926291,4150,0.0197265625,45.39763994216919,20.147985458374023,-0.29874146804213525
854016,795,297.62,137.94080000000002,1073,417,0.2,-0.0063724907813593745,0.9113271236419678,0.0003,0.003287375,4160,0.0294921875,29.43810772895813,13.10915470123291,-0.2882693462073803
856064,797,304.39,141.2261,1073,418,0.2,-0.005058432585792616,0.7506883144378662,0.0003,0.0025632428,4170,0.026025390625,59.83119440078735,26.70177459716797,-0.30762710943818095
858112,799,306.44,142.2466,1073,419,0.2,-0.010289085388649255,0.840419352054596,0.0003,0.005663148,4180,0.0474609375,43.49303617477417,20.29840660095215,-0.3276026286184788
860160,801,301.57,140.7533,1073,420,0.2,-0.0074827157077379525,0.8932474851608276,0.0003,0.005095602,4190,0.0353515625,34.29676237106323,14.428679466247559,-0.3063321627676487
862208,803,304.49,141.26610000000002,1072,421,0.2,-0.00718897219048813,0.8980998992919922,0.0003,0.004350179,4200,0.036328125,40.57303676605225,20.0548038482666,-0.29254937544465065
864256,805,304.99,141.7991,1072,422,0.2,-0.006731254907208495,0.7920525074005127,0.0003,0.0023762116,4210,0.024462890625,51.995895576477054,22.507951736450195,-0.299995593726635
866304,808,300.32,141.06779999999998,1071,423,0.2,-0.008509376156143843,0.8459727764129639,0.0003,0.0054521486,4220,0.0421875,42.015309715270995,17.05741310119629,-0.2900001876056194
868352,810,303.8,141.379,1071,424,0.2,-0.010801310476381332,0.8883231282234192,0.0003,0.0045626094,4230,0.039892578125,35.62410483360291,14.895210266113281,-0.2955342136323452
870400,812,306.77,141.9813,1071,425,0.2,-0.006180604928522371,0.871913492679596,0.0003,0.004908356,4240,0.02880859375,37.95635070800781,13.723038673400879,-0.3006984367966652
872448,814,309.04,141.3986,1071,426,0.2,-0.0057300528686027976,0.8574002385139465,0.0003,0.0031648935,4250,0.0267578125,41.0610053062439,16.240751266479492,-0.282540425285697
874496,816,309.24,141.9496,1071,427,0.2,-0.006330222776159644,0.8955649733543396,0.0003,0.004322649,4260,0.039111328125,35.80223388671875,15.064523696899414,-0.3276425890624523
876544,818,310.44,143.0816,1071,428,0.2,-0.005566259531769901,0.8785361647605896,0.0003,0.002771543,4270,0.02265625,44.047344017028806,19.17698860168457,-0.27311726212501525
878592,820,308.35,143.5615,1070,429,0.2,-0.007535860268399119,0.9210500121116638,0.0003,0.0036498278,4280,0.0345703125,31.302442693710326,12.580347061157227,-0.2696741260588169
880640,822,309.85,144.74450000000002,1070,430,0.2,-0.007375392696121708,0.9260457754135132,0.0003,0.005237271,4290,0.03935546875,27.819616556167603,10.97245979309082,-0.2840690933167934
882688,824,313.4,146.471,1070,431,0.2,-0.00705904996721074,0.8787297010421753,0.0003,0.0031019035,4300,0.034765625,42.90512170791626,17.180042266845703,-0.2814000204205513
884736,826,313.09,144.9341,1069,432,0.2,-0.008714979211799801,0.9198976159095764,0.0003,0.004072514,4310,0.033056640625,29.329330158233642,12.857280731201172,-0.288950078189373
886784,828,307.81,141.8519,1069,433,0.2,-0.007145931082777679,0.8903025388717651,0.0003,0.005860348,4320,0.044677734375,35.30742626190185,16.188199996948242,-0.3226356260478497
888832,830,307.21,141.65089999999998,1069,434,0.2,-0.007289549172855914,0.8914661407470703,0.0003,0.004361526,4330,0.04052734375,42.8518292427063,16.218217849731445,-0.31855769231915476
890880,832,309.02,142.5708,1069,435,0.2,-0.008483111509121954,0.8930456042289734,0.0003,0.0039045399,4340,0.037255859375,42.369978761672975,14.349519729614258,-0.28042931482195854
892928,835,306.97,144.1123,1069,436,0.2,-0.005890429159626365,0.9255918860435486,0.0003,0.0045785047,4350,0.025048828125,31.84957308769226,15.50097370147705,-0.27498235180974007
894976,837,304.17,142.76130000000003,1069,437,0.2,-0.007067974127130583,0.9422692060470581,0.0003,0.0044904486,4360,0.036279296875,25.949721145629884,9.913671493530273,-0.2794915460050106
897024,839,308.14,144.7056,1068,438,0.2,-0.008712166332406924,0.8737261891365051,0.0003,0.0045212526,4370,0.033740234375,41.348696041107175,14.63580322265625,-0.2846963904798031
899072,841,314.52,149.4478,1068,439,0.2,-0.010347267572069541,0.9254242181777954,0.0003,0.005633982,4380,0.047021484375,29.657724142074585,12.827838897705078,-0.29489821568131447
901120,843,308.28,146.8282,1068,440,0.2,-0.00791034426074475,0.8979904055595398,0.0003,0.004910675,4390,0.03935546875,38.44859213829041,16.448043823242188,-0.29358734712004664
903168,845,307.6,147.993,1068,441,0.2,-0.0069885515375062825,0.8479959964752197,0.0003,0.004993191,4400,0.0392578125,55.536992740631106,21.153926849365234,-0.3041415952146053
905216,847,312.37,152.56230000000002,1067,442,0.2,-0.008880362764466554,0.9120252132415771,0.0003,0.00496844,4410,0.040673828125,29.929420471191406,12.987626075744629,-0.303746347874403
907264,849,315.47,152.42529999999996,1067,443,0.2,-0.009337817813502625,0.9262069463729858,0.0003,0.004266938,4420,0.0322265625,31.225710153579712,12.448882102966309,-0.2776097908616066
909312,851,312.2,147.803,1068,444,0.2,-0.006695095245959237,0.926299512386322,0.0003,0.005279701,4430,0.04462890625,30.588055419921876,12.69106674194336,-0.3091980181634426
911360,853,310.41,146.55589999999998,1068,445,0.2,-0.006337022065417841,0.830946683883667,0.0003,0.0026603793,4440,0.02626953125,63.45263795852661,27.655345916748047,-0.29945529997348785
913408,855,311.22,147.0328,1067,446,0.2,-0.0065879372297786174,0.8653489351272583,0.0003,0.0032740538,4450,0.031982421875,49.557185363769534,21.38065528869629,-0.29918298944830896
915456,857,303.29,141.9021,1067,447,0.2,-0.006637978059006855,0.8480786085128784,0.0003,0.003472103,4460,0.028076171875,51.37685956954956,24.123294830322266,-0.2909316524863243
917504,859,308.44,145.9326,1067,448,0.2,-0.004968868289142847,0.8170129656791687,0.0003,0.002208623,4470,0.0197265625,62.15238065719605,25.02667999267578,-0.29180491641163825
919552,861,312.4,146.27800000000002,1067,449,0.2,-0.007000471599167213,0.9110303521156311,0.0003,0.0040403972,4480,0.027001953125,30.66675157546997,12.5714750289917,-0.28177647963166236
921600,863,314.12,147.63479999999998,1067,450,0.2,-0.006650228635407984,0.8274649381637573,0.0003,0.0039816527,4490,0.028955078125,35.9464195728302,16.935239791870117,-0.30188432782888414
923648,865,316.59,148.3601,1067,451,0.2,-0.010062484862282872,0.8523927330970764,0.0003,0.0056325532,4500,0.0453125,43.30144948959351,16.1552734375,-0.28869825676083566
925696,867,319.34,150.77859999999998,1067,452,0.2,-0.008324944193009286,0.8576951026916504,0.0003,0.0057529914,4510,0.03779296875,38.788763761520386,15.54704475402832,-0.26321056447923186
927744,869,319.74,151.8866,1066,453,0.2,-0.007227709970902651,0.90125972032547,0.0003,0.0038208293,4520,0.028076171875,27.56659698486328,9.60471248626709,-0.24734616950154303
929792,871,317.84,149.83759999999998,1066,454,0.2,-0.007296353182755411,0.8598424196243286,0.0003,0.004847151,4530,0.03251953125,55.590804958343504,21.991167068481445,-0.27872862219810485
931840,874,319.9,152.401,1066,455,0.2,-0.005835939303506166,0.8856282234191895,0.0003,0.0030835296,4540,0.0263671875,41.82410588264465,17.868013381958008,-0.26794575415551664
933888,876,320.33,156.3467,1065,456,0.2,-0.0094889858039096,0.9197666049003601,0.0003,0.006806569,4550,0.051318359375,31.083503437042236,12.517019271850586,-0.27645794227719306
935936,878,320.84,158.5916,1065,457,0.2,-0.0072038705926388506,0.9290359616279602,0.0003,0.0053572357,4560,0.03642578125,30.38196907043457,12.58584213256836,-0.2667297855019569
937984,880,319.88,157.3922,1065,458,0.2,-0.007721190969459712,0.9203635454177856,0.0003,0.0038170237,4570,0.028564453125,39.513070821762085,15.634195327758789,-0.2636601697653532
940032,882,316.57,155.7313,1065,459,0.2,-0.006745580985443667,0.8836719989776611,0.0003,0.0036586905,4580,0.033447265625,51.76544885635376,22.991838455200195,-0.2606789145618677
942080,883,319.85,160.2435,1065,460,0.2,-0.007664423814276233,0.87330162525177,0.0003,0.0030411654,4590,0.027880859375,57.16032190322876,25.396337509155273,-0.28592928797006606
944128,885,324.23,160.0757,1065,461,0.2,-0.007709579030051828,0.8810828328132629,0.0003,0.0036910675,4600,0.03388671875,46.01838893890381,18.455625534057617,-0.27520831674337387
946176,887,322.82,159.4658,1065,462,0.2,-0.007546866696793586,0.8705836534500122,0.0003,0.0038294322,4610,0.0333984375,41.79686942100525,17.897363662719727,-0.2859238848090172
948224,890,330.28,165.47420000000002,1065,463,0.2,-0.007668208505492657,0.8644517660140991,0.0003,0.0035602564,4620,0.04384765625,46.68847360610962,20.709213256835938,-0.2789442606270313
950272,892,329.04,163.15060000000003,1065,464,0.2,-0.008753534965217113,0.847902774810791,0.0003,0.004922021,4630,0.036572265625,47.00246858596802,17.819257736206055,-0.28252174258232116
952320,894,327.59,163.7141,1064,465,0.2,-0.00746347413805779,0.8578691482543945,0.0003,0.0047131097,4640,0.033984375,40.20128526687622,15.2526273727417,-0.30688971653580666
954368,896,327.19,164.4221,1064,466,0.2,-0.0059335912868846204,0.8814488649368286,0.0003,0.0037702695,4650,0.028564453125,33.674885511398315,12.022661209106445,-0.28495436646044253
956416,898,329.82,164.8978,1064,467,0.2,-0.008311971835792065,0.8648970723152161,0.0003,0.004869813,4660,0.034765625,47.56161632537842,18.455190658569336,-0.2804780326783657
958464,900,329.65,163.49749999999997,1064,468,0.2,-0.009204047080129386,0.8718155026435852,0.0003,0.006261859,4670,0.055419921875,39.05838866233826,16.57818603515625,-0.2997996911406517
960512,902,332.24,164.56359999999998,1063,469,0.2,-0.009552447486203163,0.8516221642494202,0.0003,0.0056477124,4680,0.040771484375,51.745427417755124,21.637035369873047,-0.2606077719479799
962560,904,331.05,163.1065,1064,470,0.2,-0.008838340837974102,0.9061763882637024,0.0003,0.005728472,4690,0.050146484375,35.383374977111814,13.96107292175293,-0.274640978127718
964608,906,329.49,161.0571,1064,471,0.2,-0.006617795885540545,0.8578618764877319,0.0003,0.004032568,4700,0.022705078125,53.45463171005249,21.77952766418457,-0.2585477076470852
966656,908,331.06,158.9134,1064,472,0.2,-0.008127452054759487,0.8760864734649658,0.0003,0.006949496,4710,0.035546875,46.571411514282225,18.02239418029785,-0.27878118082880976
968704,910,337.06,159.1844,1064,473,0.2,-0.00662906332872808,0.8747995495796204,0.0003,0.003500432,4720,0.028857421875,41.713466835021975,17.072906494140625,-0.27012302353978157
970752,912,337.89,159.59609999999998,1063,474,0.2,-0.00796456317184493,0.9123939871788025,0.0003,0.00554955,4730,0.045556640625,32.588061046600345,13.794088363647461,-0.28017275407910347
972800,914,338.87,158.57229999999998,1063,475,0.2,-0.007009503111476079,0.8886614441871643,0.0003,0.004630372,4740,0.03818359375,50.834212970733645,20.08131217956543,-0.2953260004520416
974848,916,339.67,159.7213,1064,476,0.2,-0.007423687435220927,0.885192334651947,0.0003,0.004775469,4750,0.029296875,45.4836630821228,21.328264236450195,-0.2890698790550232
976896,918,343.74,162.2726,1063,477,0.2,-0.006160879944218323,0.8943883180618286,0.0003,0.003987316,4760,0.0296875,33.57275319099426,12.963386535644531,-0.2782561622560024
978944,919,345.47,165.3913,1064,478,0.2,-0.007278293470153585,0.898411214351654,0.0003,0.0035786917,4770,0.02900390625,40.30737595558166,16.055463790893555,-0.2681856881827116
980992,921,347.67,166.06130000000002,1064,479,0.2,-0.006330852350220084,0.8549503087997437,0.0003,0.0037863401,4780,0.029150390625,49.571984672546385,20.003995895385742,-0.27631590589880944
983040,924,346.54,163.4656,1063,480,0.2,-0.008241993247065694,0.8845160603523254,0.0003,0.0050340462,4790,0.04560546875,39.43355808258057,16.422731399536133,-0.29507349953055384
985088,926,348.23,165.70370000000003,1062,481,0.2,-0.0060828894260339435,0.9191689491271973,0.0003,0.003589719,4800,0.021630859375,33.296579933166505,13.36744499206543,-0.2885283663868904
987136,928,345.19,164.21109999999996,1062,482,0.2,-0.009927186009008437,0.9177981019020081,0.0003,0.0076643163,4810,0.058984375,34.18643560409546,12.317179679870605,-0.28615069314837455
989184,930,347.48,164.8712,1062,483,0.2,-0.008110137263429351,0.9019128084182739,0.0003,0.0043085925,4820,0.02607421875,37.68710865974426,16.83531379699707,-0.26700364872813226
991232,932,342.75,162.7395,1062,484,0.2,-0.00785540184006095,0.9275295734405518,0.0003,0.0048915492,4830,0.035888671875,32.064154624938965,13.138916969299316,-0.28476894050836565
993280,935,338.42,156.9648,1062,485,0.2,-0.006285095203202218,0.879640519618988,0.0003,0.0031182477,4840,0.0265625,44.526405048370364,19.017436981201172,-0.2811185739934444
995328,937,340.69,159.8911,1061,486,0.2,-0.006084061937872321,0.8367606997489929,0.0003,0.0042045354,4850,0.027490234375,57.98091192245484,24.773340225219727,-0.28561044335365293
997376,939,343.29,162.1201,1061,487,0.2,-0.004780478042084724,0.8686970472335815,0.0003,0.0036513922,4860,0.02646484375,41.84627890586853,17.209049224853516,-0.26720065586268904
999424,941,347.26,164.27939999999998,1060,488,0.2,-0.007495001686038449,0.8819173574447632,0.0003,0.004098065,4870,0.02958984375,39.124927282333374,17.700138092041016,-0.2555163260549307
1001472,943,347.98,166.72920000000002,1061,489,0.2,-0.008745593123603613,0.8375717401504517,0.0003,0.0049095787,4880,0.04248046875,44.702944660186766,17.753456115722656,-0.2903766490519047
